1	,	16	,	-1.46055e+01	,	-7.39200e+00	,	4.48831e+00	,	1.64000e-04	,	0.00000000e+00	,	1
4	,	16	,	-1.46055e+01	,	-7.39200e+00	,	4.48831e+00	,	2.64000e-04	,	0.00000000e+00	,	1
4	,	17	,	-1.46055e+01	,	-7.39200e+00	,	4.48831e+00	,	-1.40000e-04	,	0.00000000e+00	,	1
4	,	18	,	-1.46055e+01	,	-7.39200e+00	,	4.48831e+00	,	-1.44000e-04	,	0.00000000e+00	,	1
9	,	19	,	-1.48781e+01	,	-1.10880e+01	,	-1.99769e+00	,	1.27000e-04	,	0.00000000e+00	,	1
4	,	16	,	-1.46055e+01	,	0.00000e+00	,	-8.48369e+00	,	-1.02000e-04	,	0.00000000e+00	,	1
12	,	16	,	-1.97466e+01	,	-3.69600e+00	,	-1.94580e+01	,	-3.39000e-04	,	0.00000000e+00	,	1
14	,	16	,	-1.97466e+01	,	-3.69600e+00	,	-1.94580e+01	,	2.82000e-04	,	0.00000000e+00	,	1
11	,	17	,	-1.97466e+01	,	-3.69600e+00	,	-1.94580e+01	,	1.09000e-04	,	0.00000000e+00	,	1
13	,	17	,	-1.97466e+01	,	-3.69600e+00	,	-1.94580e+01	,	1.60000e-04	,	0.00000000e+00	,	1
1	,	19	,	-1.46055e+01	,	0.00000e+00	,	-8.48369e+00	,	1.05000e-04	,	0.00000000e+00	,	1
4	,	19	,	-1.46055e+01	,	0.00000e+00	,	-8.48369e+00	,	1.76000e-04	,	0.00000000e+00	,	1
11	,	19	,	-1.97466e+01	,	-3.69600e+00	,	-1.94580e+01	,	-6.00000e-04	,	0.00000000e+00	,	1
12	,	19	,	-1.97466e+01	,	-3.69600e+00	,	-1.94580e+01	,	6.05000e-04	,	0.00000000e+00	,	1
14	,	19	,	-1.97466e+01	,	-3.69600e+00	,	-1.94580e+01	,	-3.64000e-04	,	0.00000000e+00	,	1
12	,	20	,	-1.97466e+01	,	-3.69600e+00	,	-1.94580e+01	,	-3.33000e-04	,	0.00000000e+00	,	1
14	,	20	,	-1.97466e+01	,	-3.69600e+00	,	-1.94580e+01	,	2.33000e-04	,	0.00000000e+00	,	1
12	,	16	,	-1.97466e+01	,	-3.69600e+00	,	-6.48600e+00	,	1.10000e-04	,	0.00000000e+00	,	1
14	,	16	,	-1.97466e+01	,	-3.69600e+00	,	-6.48600e+00	,	-5.99000e-04	,	0.00000000e+00	,	1
11	,	17	,	-1.97466e+01	,	-3.69600e+00	,	-6.48600e+00	,	-3.40000e-04	,	0.00000000e+00	,	1
14	,	17	,	-1.97466e+01	,	-3.69600e+00	,	-6.48600e+00	,	6.05000e-04	,	0.00000000e+00	,	1
15	,	17	,	-1.97466e+01	,	-3.69600e+00	,	-6.48600e+00	,	-3.32000e-04	,	0.00000000e+00	,	1
12	,	18	,	-1.97466e+01	,	-3.69600e+00	,	-6.48600e+00	,	1.60000e-04	,	0.00000000e+00	,	1
9	,	19	,	-1.48781e+01	,	-3.69600e+00	,	-1.99769e+00	,	1.27000e-04	,	0.00000000e+00	,	1
11	,	19	,	-1.97466e+01	,	-3.69600e+00	,	-6.48600e+00	,	2.82000e-04	,	0.00000000e+00	,	1
14	,	19	,	-1.97466e+01	,	-3.69600e+00	,	-6.48600e+00	,	-3.64000e-04	,	0.00000000e+00	,	1
15	,	19	,	-1.97466e+01	,	-3.69600e+00	,	-6.48600e+00	,	2.33000e-04	,	0.00000000e+00	,	1
12	,	16	,	-1.97466e+01	,	3.69600e+00	,	-1.94580e+01	,	3.40000e-04	,	0.00000000e+00	,	1
14	,	16	,	-1.97466e+01	,	3.69600e+00	,	-1.94580e+01	,	2.82000e-04	,	0.00000000e+00	,	1
11	,	17	,	-1.97466e+01	,	3.69600e+00	,	-1.94580e+01	,	-1.10000e-04	,	0.00000000e+00	,	1
13	,	17	,	-1.97466e+01	,	3.69600e+00	,	-1.94580e+01	,	1.60000e-04	,	0.00000000e+00	,	1
11	,	19	,	-1.97466e+01	,	3.69600e+00	,	-1.94580e+01	,	-5.99000e-04	,	0.00000000e+00	,	1
12	,	19	,	-1.97466e+01	,	3.69600e+00	,	-1.94580e+01	,	-6.05000e-04	,	0.00000000e+00	,	1
14	,	19	,	-1.97466e+01	,	3.69600e+00	,	-1.94580e+01	,	-3.64000e-04	,	0.00000000e+00	,	1
12	,	20	,	-1.97466e+01	,	3.69600e+00	,	-1.94580e+01	,	3.33000e-04	,	0.00000000e+00	,	1
14	,	20	,	-1.97466e+01	,	3.69600e+00	,	-1.94580e+01	,	2.33000e-04	,	0.00000000e+00	,	1
1	,	16	,	-1.46055e+01	,	7.39200e+00	,	4.48831e+00	,	1.65000e-04	,	0.00000000e+00	,	1
4	,	16	,	-1.46055e+01	,	7.39200e+00	,	4.48831e+00	,	2.64000e-04	,	0.00000000e+00	,	1
12	,	16	,	-1.97466e+01	,	3.69600e+00	,	-6.48600e+00	,	-1.10000e-04	,	0.00000000e+00	,	1
14	,	16	,	-1.97466e+01	,	3.69600e+00	,	-6.48600e+00	,	-5.99000e-04	,	0.00000000e+00	,	1
4	,	17	,	-1.46055e+01	,	7.39200e+00	,	4.48831e+00	,	1.40000e-04	,	0.00000000e+00	,	1
11	,	17	,	-1.97466e+01	,	3.69600e+00	,	-6.48600e+00	,	3.40000e-04	,	0.00000000e+00	,	1
14	,	17	,	-1.97466e+01	,	3.69600e+00	,	-6.48600e+00	,	-6.05000e-04	,	0.00000000e+00	,	1
15	,	17	,	-1.97466e+01	,	3.69600e+00	,	-6.48600e+00	,	3.32000e-04	,	0.00000000e+00	,	1
4	,	18	,	-1.46055e+01	,	7.39200e+00	,	4.48831e+00	,	1.45000e-04	,	0.00000000e+00	,	1
12	,	18	,	-1.97466e+01	,	3.69600e+00	,	-6.48600e+00	,	1.60000e-04	,	0.00000000e+00	,	1
11	,	19	,	-1.97466e+01	,	3.69600e+00	,	-6.48600e+00	,	2.82000e-04	,	0.00000000e+00	,	1
14	,	19	,	-1.97466e+01	,	3.69600e+00	,	-6.48600e+00	,	-3.64000e-04	,	0.00000000e+00	,	1
15	,	19	,	-1.97466e+01	,	3.69600e+00	,	-6.48600e+00	,	2.32000e-04	,	0.00000000e+00	,	1
3	,	16	,	-4.86850e+00	,	-1.47840e+01	,	4.48831e+00	,	1.32000e-04	,	0.00000000e+00	,	1
7	,	17	,	-5.14114e+00	,	-1.84800e+01	,	-1.99769e+00	,	1.11000e-04	,	0.00000000e+00	,	1
9	,	17	,	-5.14114e+00	,	-1.84800e+01	,	-1.99769e+00	,	2.19000e-04	,	0.00000000e+00	,	1
9	,	18	,	-5.14114e+00	,	-1.84800e+01	,	-1.99769e+00	,	1.03000e-04	,	0.00000000e+00	,	1
7	,	19	,	-5.14114e+00	,	-1.84800e+01	,	-1.99769e+00	,	-2.19000e-04	,	0.00000000e+00	,	1
8	,	19	,	-5.14114e+00	,	-1.84800e+01	,	-1.99769e+00	,	-1.03000e-04	,	0.00000000e+00	,	1
10	,	20	,	-5.14114e+00	,	-1.84800e+01	,	-1.99769e+00	,	-1.10000e-04	,	0.00000000e+00	,	1
6	,	11	,	-4.86850e+00	,	-1.47840e+01	,	1.74603e+01	,	1.65000e-04	,	0.00000000e+00	,	1
6	,	14	,	-4.86850e+00	,	-1.47840e+01	,	1.74603e+01	,	2.64000e-04	,	0.00000000e+00	,	1
7	,	14	,	-4.86850e+00	,	-1.47840e+01	,	1.74603e+01	,	1.40000e-04	,	0.00000000e+00	,	1
8	,	14	,	-4.86850e+00	,	-1.47840e+01	,	1.74603e+01	,	1.44000e-04	,	0.00000000e+00	,	1
9	,	16	,	-5.14114e+00	,	-1.10880e+01	,	-1.49697e+01	,	1.12000e-04	,	0.00000000e+00	,	1
12	,	16	,	-1.00096e+01	,	-1.10880e+01	,	-1.94580e+01	,	-1.84000e-04	,	0.00000000e+00	,	1
1	,	17	,	-4.86850e+00	,	-7.39200e+00	,	-8.48369e+00	,	-1.30000e-04	,	0.00000000e+00	,	1
12	,	17	,	-1.00096e+01	,	-1.10880e+01	,	-1.94580e+01	,	-1.05000e-04	,	0.00000000e+00	,	1
13	,	17	,	-1.00096e+01	,	-1.10880e+01	,	-1.94580e+01	,	-2.62000e-04	,	0.00000000e+00	,	1
14	,	17	,	-1.00096e+01	,	-1.10880e+01	,	-1.94580e+01	,	-1.19000e-04	,	0.00000000e+00	,	1
15	,	17	,	-1.00096e+01	,	-1.10880e+01	,	-1.94580e+01	,	1.11000e-04	,	0.00000000e+00	,	1
11	,	18	,	-1.00096e+01	,	-1.10880e+01	,	-1.94580e+01	,	1.35000e-04	,	0.00000000e+00	,	1
13	,	18	,	-1.00096e+01	,	-1.10880e+01	,	-1.94580e+01	,	-1.07000e-04	,	0.00000000e+00	,	1
1	,	19	,	-4.86850e+00	,	-7.39200e+00	,	-8.48369e+00	,	1.05000e-04	,	0.00000000e+00	,	1
2	,	19	,	-4.86850e+00	,	-7.39200e+00	,	-8.48369e+00	,	1.03000e-04	,	0.00000000e+00	,	1
6	,	19	,	-5.14114e+00	,	-1.10880e+01	,	-1.49697e+01	,	1.12000e-04	,	0.00000000e+00	,	1
9	,	19	,	-5.14114e+00	,	-1.10880e+01	,	-1.49697e+01	,	-1.49000e-04	,	0.00000000e+00	,	1
12	,	19	,	-1.00096e+01	,	-1.10880e+01	,	-1.94580e+01	,	1.01000e-04	,	0.00000000e+00	,	1
4	,	20	,	-4.86850e+00	,	-7.39200e+00	,	-8.48369e+00	,	-1.60000e-04	,	0.00000000e+00	,	1
12	,	20	,	-1.00096e+01	,	-1.10880e+01	,	-1.94580e+01	,	-2.19000e-04	,	0.00000000e+00	,	1
1	,	2	,	-9.73700e+00	,	-7.39200e+00	,	0.00000e+00	,	5.29000e-04	,	0.00000000e+00	,	1
1	,	3	,	-9.73700e+00	,	-7.39200e+00	,	0.00000e+00	,	2.46000e-04	,	0.00000000e+00	,	1
1	,	4	,	-9.73700e+00	,	-7.39200e+00	,	0.00000e+00	,	1.88000e-04	,	0.00000000e+00	,	1
3	,	4	,	-9.73700e+00	,	-7.39200e+00	,	0.00000e+00	,	6.49000e-04	,	0.00000000e+00	,	1
4	,	4	,	-9.73700e+00	,	-7.39200e+00	,	0.00000e+00	,	3.53000e-04	,	0.00000000e+00	,	1
1	,	5	,	-9.73700e+00	,	-7.39200e+00	,	0.00000e+00	,	1.73000e-04	,	0.00000000e+00	,	1
4	,	5	,	-9.73700e+00	,	-7.39200e+00	,	0.00000e+00	,	3.63000e-04	,	0.00000000e+00	,	1
6	,	8	,	-9.73700e+00	,	-7.39200e+00	,	0.00000e+00	,	4.89000e-04	,	0.00000000e+00	,	1
7	,	8	,	-9.73700e+00	,	-7.39200e+00	,	0.00000e+00	,	8.10000e-04	,	0.00000000e+00	,	1
6	,	9	,	-9.73700e+00	,	-7.39200e+00	,	0.00000e+00	,	3.09000e-04	,	0.00000000e+00	,	1
7	,	9	,	-9.73700e+00	,	-7.39200e+00	,	0.00000e+00	,	9.77000e-04	,	0.00000000e+00	,	1
8	,	9	,	-9.73700e+00	,	-7.39200e+00	,	0.00000e+00	,	4.84000e-04	,	0.00000000e+00	,	1
9	,	9	,	-9.73700e+00	,	-7.39200e+00	,	0.00000e+00	,	3.54000e-04	,	0.00000000e+00	,	1
6	,	10	,	-9.73700e+00	,	-7.39200e+00	,	0.00000e+00	,	-4.02000e-04	,	0.00000000e+00	,	1
7	,	10	,	-9.73700e+00	,	-7.39200e+00	,	0.00000e+00	,	-1.12000e-04	,	0.00000000e+00	,	1
8	,	10	,	-9.73700e+00	,	-7.39200e+00	,	0.00000e+00	,	-1.33000e-04	,	0.00000000e+00	,	1
1	,	11	,	-4.59586e+00	,	-3.69600e+00	,	1.09743e+01	,	-1.74000e-04	,	0.00000000e+00	,	1
3	,	11	,	-4.59586e+00	,	-3.69600e+00	,	1.09743e+01	,	-1.11000e-04	,	0.00000000e+00	,	1
4	,	11	,	-4.59586e+00	,	-3.69600e+00	,	1.09743e+01	,	-3.06000e-04	,	0.00000000e+00	,	1
5	,	11	,	-4.59586e+00	,	-3.69600e+00	,	1.09743e+01	,	-1.44000e-04	,	0.00000000e+00	,	1
9	,	11	,	-4.86850e+00	,	-7.39200e+00	,	4.48831e+00	,	1.05000e-04	,	0.00000000e+00	,	1
1	,	13	,	-4.59586e+00	,	-3.69600e+00	,	1.09743e+01	,	1.11000e-04	,	0.00000000e+00	,	1
4	,	13	,	-4.59586e+00	,	-3.69600e+00	,	1.09743e+01	,	1.94000e-04	,	0.00000000e+00	,	1
11	,	13	,	-9.73700e+00	,	-7.39200e+00	,	0.00000e+00	,	-4.89000e-04	,	0.00000000e+00	,	1
12	,	13	,	-9.73700e+00	,	-7.39200e+00	,	0.00000e+00	,	8.09000e-04	,	0.00000000e+00	,	1
1	,	14	,	-4.59586e+00	,	-3.69600e+00	,	1.09743e+01	,	-3.06000e-04	,	0.00000000e+00	,	1
3	,	14	,	-4.59586e+00	,	-3.69600e+00	,	1.09743e+01	,	-1.94000e-04	,	0.00000000e+00	,	1
4	,	14	,	-4.59586e+00	,	-3.69600e+00	,	1.09743e+01	,	-5.32000e-04	,	0.00000000e+00	,	1
5	,	14	,	-4.59586e+00	,	-3.69600e+00	,	1.09743e+01	,	-2.31000e-04	,	0.00000000e+00	,	1
6	,	14	,	-4.86850e+00	,	-7.39200e+00	,	4.48831e+00	,	-1.02000e-04	,	0.00000000e+00	,	1
9	,	14	,	-4.86850e+00	,	-7.39200e+00	,	4.48831e+00	,	1.76000e-04	,	0.00000000e+00	,	1
11	,	14	,	-9.73700e+00	,	-7.39200e+00	,	0.00000e+00	,	3.10000e-04	,	0.00000000e+00	,	1
12	,	14	,	-9.73700e+00	,	-7.39200e+00	,	0.00000e+00	,	-9.77000e-04	,	0.00000000e+00	,	1
13	,	14	,	-9.73700e+00	,	-7.39200e+00	,	0.00000e+00	,	-4.84000e-04	,	0.00000000e+00	,	1
14	,	14	,	-9.73700e+00	,	-7.39200e+00	,	0.00000e+00	,	3.53000e-04	,	0.00000000e+00	,	1
1	,	15	,	-4.59586e+00	,	-3.69600e+00	,	1.09743e+01	,	-1.44000e-04	,	0.00000000e+00	,	1
4	,	15	,	-4.59586e+00	,	-3.69600e+00	,	1.09743e+01	,	-2.31000e-04	,	0.00000000e+00	,	1
5	,	15	,	-4.59586e+00	,	-3.69600e+00	,	1.09743e+01	,	-1.55000e-04	,	0.00000000e+00	,	1
11	,	15	,	-9.73700e+00	,	-7.39200e+00	,	0.00000e+00	,	-4.01000e-04	,	0.00000000e+00	,	1
12	,	15	,	-9.73700e+00	,	-7.39200e+00	,	0.00000e+00	,	1.12000e-04	,	0.00000000e+00	,	1
13	,	15	,	-9.73700e+00	,	-7.39200e+00	,	0.00000e+00	,	1.33000e-04	,	0.00000000e+00	,	1
1	,	16	,	-4.86850e+00	,	-7.39200e+00	,	4.48831e+00	,	2.78100e-03	,	0.00000000e+00	,	1
2	,	16	,	-4.86850e+00	,	-7.39200e+00	,	4.48831e+00	,	-9.23000e-04	,	0.00000000e+00	,	1
3	,	16	,	-4.86850e+00	,	-7.39200e+00	,	4.48831e+00	,	4.67500e-03	,	0.00000000e+00	,	1
4	,	16	,	-4.86850e+00	,	-7.39200e+00	,	4.48831e+00	,	1.50100e-03	,	0.00000000e+00	,	1
5	,	16	,	-4.86850e+00	,	-7.39200e+00	,	4.48831e+00	,	-2.58000e-03	,	0.00000000e+00	,	1
6	,	16	,	-5.14114e+00	,	-1.10880e+01	,	-1.99769e+00	,	4.23800e-03	,	0.00000000e+00	,	1
7	,	16	,	-5.14114e+00	,	-1.10880e+01	,	-1.99769e+00	,	-3.98100e-03	,	0.00000000e+00	,	1
8	,	16	,	-5.14114e+00	,	-1.10880e+01	,	-1.99769e+00	,	1.89000e-04	,	0.00000000e+00	,	1
9	,	16	,	-5.14114e+00	,	-1.10880e+01	,	-1.99769e+00	,	-3.70400e-03	,	0.00000000e+00	,	1
10	,	16	,	-5.14114e+00	,	-1.10880e+01	,	-1.99769e+00	,	-2.08200e-03	,	0.00000000e+00	,	1
13	,	16	,	-1.00096e+01	,	-1.10880e+01	,	-6.48600e+00	,	1.34000e-04	,	0.00000000e+00	,	1
1	,	17	,	-4.86850e+00	,	-7.39200e+00	,	4.48831e+00	,	-1.71300e-03	,	0.00000000e+00	,	1
2	,	17	,	-4.86850e+00	,	-7.39200e+00	,	4.48831e+00	,	5.24000e-04	,	0.00000000e+00	,	1
3	,	17	,	-4.86850e+00	,	-7.39200e+00	,	4.48831e+00	,	-2.31300e-03	,	0.00000000e+00	,	1
4	,	17	,	-4.86850e+00	,	-7.39200e+00	,	4.48831e+00	,	-1.34500e-03	,	0.00000000e+00	,	1
5	,	17	,	-4.86850e+00	,	-7.39200e+00	,	4.48831e+00	,	2.27400e-03	,	0.00000000e+00	,	1
6	,	17	,	-5.14114e+00	,	-1.10880e+01	,	-1.99769e+00	,	3.98100e-03	,	0.00000000e+00	,	1
7	,	17	,	-5.14114e+00	,	-1.10880e+01	,	-1.99769e+00	,	1.33160e-02	,	0.00000000e+00	,	1
8	,	17	,	-5.14114e+00	,	-1.10880e+01	,	-1.99769e+00	,	-3.15300e-03	,	0.00000000e+00	,	1
9	,	17	,	-5.14114e+00	,	-1.10880e+01	,	-1.99769e+00	,	2.11490e-02	,	0.00000000e+00	,	1
10	,	17	,	-5.14114e+00	,	-1.10880e+01	,	-1.99769e+00	,	7.32000e-03	,	0.00000000e+00	,	1
11	,	17	,	-1.00096e+01	,	-1.10880e+01	,	-6.48600e+00	,	-1.84000e-04	,	0.00000000e+00	,	1
12	,	17	,	-1.00096e+01	,	-1.10880e+01	,	-6.48600e+00	,	-1.04000e-04	,	0.00000000e+00	,	1
15	,	17	,	-1.00096e+01	,	-1.10880e+01	,	-6.48600e+00	,	-2.20000e-04	,	0.00000000e+00	,	1
16	,	17	,	-9.73700e+00	,	-7.39200e+00	,	0.00000e+00	,	-5.28000e-04	,	0.00000000e+00	,	1
1	,	18	,	-4.86850e+00	,	-7.39200e+00	,	4.48831e+00	,	-2.18100e-03	,	0.00000000e+00	,	1
2	,	18	,	-4.86850e+00	,	-7.39200e+00	,	4.48831e+00	,	2.65000e-04	,	0.00000000e+00	,	1
3	,	18	,	-4.86850e+00	,	-7.39200e+00	,	4.48831e+00	,	-1.96700e-03	,	0.00000000e+00	,	1
4	,	18	,	-4.86850e+00	,	-7.39200e+00	,	4.48831e+00	,	-1.30500e-03	,	0.00000000e+00	,	1
5	,	18	,	-4.86850e+00	,	-7.39200e+00	,	4.48831e+00	,	2.04800e-03	,	0.00000000e+00	,	1
6	,	18	,	-5.14114e+00	,	-1.10880e+01	,	-1.99769e+00	,	-1.89000e-04	,	0.00000000e+00	,	1
7	,	18	,	-5.14114e+00	,	-1.10880e+01	,	-1.99769e+00	,	-3.15300e-03	,	0.00000000e+00	,	1
8	,	18	,	-5.14114e+00	,	-1.10880e+01	,	-1.99769e+00	,	-3.95000e-04	,	0.00000000e+00	,	1
9	,	18	,	-5.14114e+00	,	-1.10880e+01	,	-1.99769e+00	,	-3.93900e-03	,	0.00000000e+00	,	1
10	,	18	,	-5.14114e+00	,	-1.10880e+01	,	-1.99769e+00	,	-3.06000e-04	,	0.00000000e+00	,	1
12	,	18	,	-1.00096e+01	,	-1.10880e+01	,	-6.48600e+00	,	-2.62000e-04	,	0.00000000e+00	,	1
13	,	18	,	-1.00096e+01	,	-1.10880e+01	,	-6.48600e+00	,	-1.08000e-04	,	0.00000000e+00	,	1
16	,	18	,	-9.73700e+00	,	-7.39200e+00	,	0.00000e+00	,	-2.47000e-04	,	0.00000000e+00	,	1
1	,	19	,	-4.86850e+00	,	-7.39200e+00	,	4.48831e+00	,	-5.29000e-04	,	0.00000000e+00	,	1
2	,	19	,	-4.86850e+00	,	-7.39200e+00	,	4.48831e+00	,	-2.43000e-04	,	0.00000000e+00	,	1
6	,	19	,	-5.14114e+00	,	-1.10880e+01	,	-1.99769e+00	,	-3.70400e-03	,	0.00000000e+00	,	1
7	,	19	,	-5.14114e+00	,	-1.10880e+01	,	-1.99769e+00	,	-2.11490e-02	,	0.00000000e+00	,	1
8	,	19	,	-5.14114e+00	,	-1.10880e+01	,	-1.99769e+00	,	3.93900e-03	,	0.00000000e+00	,	1
9	,	19	,	-5.14114e+00	,	-1.10880e+01	,	-1.99769e+00	,	-2.21960e-02	,	0.00000000e+00	,	1
10	,	19	,	-5.14114e+00	,	-1.10880e+01	,	-1.99769e+00	,	-7.23600e-03	,	0.00000000e+00	,	1
12	,	19	,	-1.00096e+01	,	-1.10880e+01	,	-6.48600e+00	,	-1.19000e-04	,	0.00000000e+00	,	1
16	,	19	,	-9.73700e+00	,	-7.39200e+00	,	0.00000e+00	,	1.88000e-04	,	0.00000000e+00	,	1
18	,	19	,	-9.73700e+00	,	-7.39200e+00	,	0.00000e+00	,	-6.49000e-04	,	0.00000000e+00	,	1
19	,	19	,	-9.73700e+00	,	-7.39200e+00	,	0.00000e+00	,	3.54000e-04	,	0.00000000e+00	,	1
1	,	20	,	-4.86850e+00	,	-7.39200e+00	,	4.48831e+00	,	9.16000e-04	,	0.00000000e+00	,	1
3	,	20	,	-4.86850e+00	,	-7.39200e+00	,	4.48831e+00	,	5.37000e-04	,	0.00000000e+00	,	1
4	,	20	,	-4.86850e+00	,	-7.39200e+00	,	4.48831e+00	,	5.42000e-04	,	0.00000000e+00	,	1
5	,	20	,	-4.86850e+00	,	-7.39200e+00	,	4.48831e+00	,	-1.00100e-03	,	0.00000000e+00	,	1
6	,	20	,	-5.14114e+00	,	-1.10880e+01	,	-1.99769e+00	,	-2.08200e-03	,	0.00000000e+00	,	1
7	,	20	,	-5.14114e+00	,	-1.10880e+01	,	-1.99769e+00	,	-7.32000e-03	,	0.00000000e+00	,	1
8	,	20	,	-5.14114e+00	,	-1.10880e+01	,	-1.99769e+00	,	3.06000e-04	,	0.00000000e+00	,	1
9	,	20	,	-5.14114e+00	,	-1.10880e+01	,	-1.99769e+00	,	-7.23600e-03	,	0.00000000e+00	,	1
10	,	20	,	-5.14114e+00	,	-1.10880e+01	,	-1.99769e+00	,	-1.81200e-03	,	0.00000000e+00	,	1
12	,	20	,	-1.00096e+01	,	-1.10880e+01	,	-6.48600e+00	,	1.12000e-04	,	0.00000000e+00	,	1
16	,	20	,	-9.73700e+00	,	-7.39200e+00	,	0.00000e+00	,	1.74000e-04	,	0.00000000e+00	,	1
19	,	20	,	-9.73700e+00	,	-7.39200e+00	,	0.00000e+00	,	3.64000e-04	,	0.00000000e+00	,	1
6	,	16	,	-5.14114e+00	,	-1.10880e+01	,	1.09743e+01	,	-6.98000e-04	,	0.00000000e+00	,	1
7	,	16	,	-5.14114e+00	,	-1.10880e+01	,	1.09743e+01	,	-3.57000e-04	,	0.00000000e+00	,	1
9	,	16	,	-5.14114e+00	,	-1.10880e+01	,	1.09743e+01	,	-2.47000e-04	,	0.00000000e+00	,	1
6	,	17	,	-5.14114e+00	,	-1.10880e+01	,	1.09743e+01	,	3.57000e-04	,	0.00000000e+00	,	1
10	,	17	,	-5.14114e+00	,	-1.10880e+01	,	1.09743e+01	,	-1.13000e-04	,	0.00000000e+00	,	1
6	,	19	,	-5.14114e+00	,	-1.10880e+01	,	1.09743e+01	,	-2.47000e-04	,	0.00000000e+00	,	1
7	,	20	,	-5.14114e+00	,	-1.10880e+01	,	1.09743e+01	,	1.13000e-04	,	0.00000000e+00	,	1
1	,	6	,	-9.46436e+00	,	3.69600e+00	,	-6.48600e+00	,	-1.65000e-04	,	0.00000000e+00	,	1
2	,	6	,	-9.46436e+00	,	3.69600e+00	,	-6.48600e+00	,	-1.72000e-04	,	0.00000000e+00	,	1
4	,	6	,	-9.46436e+00	,	3.69600e+00	,	-6.48600e+00	,	1.56000e-04	,	0.00000000e+00	,	1
5	,	6	,	-9.46436e+00	,	3.69600e+00	,	-6.48600e+00	,	-4.10000e-04	,	0.00000000e+00	,	1
1	,	8	,	-9.46436e+00	,	3.69600e+00	,	-6.48600e+00	,	-3.18000e-04	,	0.00000000e+00	,	1
3	,	8	,	-9.46436e+00	,	3.69600e+00	,	-6.48600e+00	,	-1.23000e-04	,	0.00000000e+00	,	1
4	,	8	,	-9.46436e+00	,	3.69600e+00	,	-6.48600e+00	,	-4.26000e-04	,	0.00000000e+00	,	1
5	,	8	,	-9.46436e+00	,	3.69600e+00	,	-6.48600e+00	,	-4.32000e-04	,	0.00000000e+00	,	1
1	,	9	,	-9.46436e+00	,	3.69600e+00	,	-6.48600e+00	,	-5.62000e-04	,	0.00000000e+00	,	1
2	,	9	,	-9.46436e+00	,	3.69600e+00	,	-6.48600e+00	,	-2.91000e-04	,	0.00000000e+00	,	1
3	,	9	,	-9.46436e+00	,	3.69600e+00	,	-6.48600e+00	,	-2.23000e-04	,	0.00000000e+00	,	1
4	,	9	,	-9.46436e+00	,	3.69600e+00	,	-6.48600e+00	,	-2.39000e-04	,	0.00000000e+00	,	1
5	,	9	,	-9.46436e+00	,	3.69600e+00	,	-6.48600e+00	,	-8.70000e-04	,	0.00000000e+00	,	1
1	,	10	,	-9.46436e+00	,	3.69600e+00	,	-6.48600e+00	,	2.85000e-04	,	0.00000000e+00	,	1
3	,	10	,	-9.46436e+00	,	3.69600e+00	,	-6.48600e+00	,	2.58000e-04	,	0.00000000e+00	,	1
4	,	10	,	-9.46436e+00	,	3.69600e+00	,	-6.48600e+00	,	4.32000e-04	,	0.00000000e+00	,	1
5	,	10	,	-9.46436e+00	,	3.69600e+00	,	-6.48600e+00	,	4.76000e-04	,	0.00000000e+00	,	1
1	,	16	,	-4.86850e+00	,	0.00000e+00	,	-8.48369e+00	,	2.93000e-04	,	0.00000000e+00	,	1
4	,	16	,	-4.86850e+00	,	0.00000e+00	,	-8.48369e+00	,	-8.25000e-04	,	0.00000000e+00	,	1
5	,	16	,	-4.86850e+00	,	0.00000e+00	,	-8.48369e+00	,	-4.11800e-03	,	0.00000000e+00	,	1
9	,	16	,	-5.14114e+00	,	-3.69600e+00	,	-1.49697e+01	,	1.11000e-04	,	0.00000000e+00	,	1
11	,	16	,	-1.00096e+01	,	-3.69600e+00	,	-1.94580e+01	,	4.39700e-03	,	0.00000000e+00	,	1
12	,	16	,	-1.00096e+01	,	-3.69600e+00	,	-1.94580e+01	,	-2.05900e-03	,	0.00000000e+00	,	1
13	,	16	,	-1.00096e+01	,	-3.69600e+00	,	-1.94580e+01	,	-1.07650e-02	,	0.00000000e+00	,	1
14	,	16	,	-1.00096e+01	,	-3.69600e+00	,	-1.94580e+01	,	-5.32000e-03	,	0.00000000e+00	,	1
15	,	16	,	-1.00096e+01	,	-3.69600e+00	,	-1.94580e+01	,	3.60300e-03	,	0.00000000e+00	,	1
2	,	17	,	-4.86850e+00	,	0.00000e+00	,	-8.48369e+00	,	3.03000e-04	,	0.00000000e+00	,	1
11	,	17	,	-1.00096e+01	,	-3.69600e+00	,	-1.94580e+01	,	6.21100e-03	,	0.00000000e+00	,	1
12	,	17	,	-1.00096e+01	,	-3.69600e+00	,	-1.94580e+01	,	2.09100e-03	,	0.00000000e+00	,	1
13	,	17	,	-1.00096e+01	,	-3.69600e+00	,	-1.94580e+01	,	-8.39100e-03	,	0.00000000e+00	,	1
14	,	17	,	-1.00096e+01	,	-3.69600e+00	,	-1.94580e+01	,	-8.47300e-03	,	0.00000000e+00	,	1
15	,	17	,	-1.00096e+01	,	-3.69600e+00	,	-1.94580e+01	,	2.20900e-03	,	0.00000000e+00	,	1
11	,	18	,	-1.00096e+01	,	-3.69600e+00	,	-1.94580e+01	,	-2.14900e-03	,	0.00000000e+00	,	1
12	,	18	,	-1.00096e+01	,	-3.69600e+00	,	-1.94580e+01	,	3.59000e-04	,	0.00000000e+00	,	1
13	,	18	,	-1.00096e+01	,	-3.69600e+00	,	-1.94580e+01	,	2.06700e-03	,	0.00000000e+00	,	1
14	,	18	,	-1.00096e+01	,	-3.69600e+00	,	-1.94580e+01	,	1.43700e-03	,	0.00000000e+00	,	1
15	,	18	,	-1.00096e+01	,	-3.69600e+00	,	-1.94580e+01	,	-7.42000e-04	,	0.00000000e+00	,	1
1	,	19	,	-4.86850e+00	,	0.00000e+00	,	-8.48369e+00	,	-2.16000e-04	,	0.00000000e+00	,	1
5	,	19	,	-4.86850e+00	,	0.00000e+00	,	-8.48369e+00	,	7.56500e-03	,	0.00000000e+00	,	1
6	,	19	,	-5.14114e+00	,	-3.69600e+00	,	-1.49697e+01	,	1.11000e-04	,	0.00000000e+00	,	1
9	,	19	,	-5.14114e+00	,	-3.69600e+00	,	-1.49697e+01	,	-1.48000e-04	,	0.00000000e+00	,	1
11	,	19	,	-1.00096e+01	,	-3.69600e+00	,	-1.94580e+01	,	-1.05200e-03	,	0.00000000e+00	,	1
12	,	19	,	-1.00096e+01	,	-3.69600e+00	,	-1.94580e+01	,	9.98000e-04	,	0.00000000e+00	,	1
13	,	19	,	-1.00096e+01	,	-3.69600e+00	,	-1.94580e+01	,	4.41300e-03	,	0.00000000e+00	,	1
14	,	19	,	-1.00096e+01	,	-3.69600e+00	,	-1.94580e+01	,	1.66600e-03	,	0.00000000e+00	,	1
15	,	19	,	-1.00096e+01	,	-3.69600e+00	,	-1.94580e+01	,	-9.97000e-04	,	0.00000000e+00	,	1
1	,	20	,	-4.86850e+00	,	0.00000e+00	,	-8.48369e+00	,	4.85000e-04	,	0.00000000e+00	,	1
4	,	20	,	-4.86850e+00	,	0.00000e+00	,	-8.48369e+00	,	-1.69800e-03	,	0.00000000e+00	,	1
5	,	20	,	-4.86850e+00	,	0.00000e+00	,	-8.48369e+00	,	-2.42300e-03	,	0.00000000e+00	,	1
11	,	20	,	-1.00096e+01	,	-3.69600e+00	,	-1.94580e+01	,	1.25730e-02	,	0.00000000e+00	,	1
12	,	20	,	-1.00096e+01	,	-3.69600e+00	,	-1.94580e+01	,	-5.68000e-03	,	0.00000000e+00	,	1
13	,	20	,	-1.00096e+01	,	-3.69600e+00	,	-1.94580e+01	,	-2.07600e-02	,	0.00000000e+00	,	1
14	,	20	,	-1.00096e+01	,	-3.69600e+00	,	-1.94580e+01	,	-9.99500e-03	,	0.00000000e+00	,	1
15	,	20	,	-1.00096e+01	,	-3.69600e+00	,	-1.94580e+01	,	7.40400e-03	,	0.00000000e+00	,	1
1	,	1	,	-9.73700e+00	,	0.00000e+00	,	0.00000e+00	,	-5.16000e-04	,	0.00000000e+00	,	1
2	,	3	,	-9.73700e+00	,	0.00000e+00	,	0.00000e+00	,	-1.65000e-04	,	0.00000000e+00	,	1
3	,	3	,	-9.73700e+00	,	0.00000e+00	,	0.00000e+00	,	-1.88000e-03	,	0.00000000e+00	,	1
1	,	4	,	-9.73700e+00	,	0.00000e+00	,	0.00000e+00	,	-1.62300e-03	,	0.00000000e+00	,	1
4	,	4	,	-9.73700e+00	,	0.00000e+00	,	0.00000e+00	,	-2.95000e-03	,	0.00000000e+00	,	1
1	,	5	,	-9.73700e+00	,	0.00000e+00	,	0.00000e+00	,	-1.46800e-03	,	0.00000000e+00	,	1
4	,	5	,	-9.73700e+00	,	0.00000e+00	,	0.00000e+00	,	-1.88800e-03	,	0.00000000e+00	,	1
5	,	5	,	-9.73700e+00	,	0.00000e+00	,	0.00000e+00	,	-1.58900e-03	,	0.00000000e+00	,	1
1	,	6	,	-9.46436e+00	,	3.69600e+00	,	6.48600e+00	,	-1.66000e-04	,	0.00000000e+00	,	1
3	,	6	,	-9.46436e+00	,	3.69600e+00	,	6.48600e+00	,	-3.18000e-04	,	0.00000000e+00	,	1
4	,	6	,	-9.46436e+00	,	3.69600e+00	,	6.48600e+00	,	-5.62000e-04	,	0.00000000e+00	,	1
5	,	6	,	-9.46436e+00	,	3.69600e+00	,	6.48600e+00	,	2.85000e-04	,	0.00000000e+00	,	1
6	,	6	,	-9.73700e+00	,	0.00000e+00	,	0.00000e+00	,	-5.15000e-04	,	0.00000000e+00	,	1
1	,	7	,	-9.46436e+00	,	3.69600e+00	,	6.48600e+00	,	-1.72000e-04	,	0.00000000e+00	,	1
4	,	7	,	-9.46436e+00	,	3.69600e+00	,	6.48600e+00	,	-2.90000e-04	,	0.00000000e+00	,	1
3	,	8	,	-9.46436e+00	,	3.69600e+00	,	6.48600e+00	,	-1.22000e-04	,	0.00000000e+00	,	1
4	,	8	,	-9.46436e+00	,	3.69600e+00	,	6.48600e+00	,	-2.24000e-04	,	0.00000000e+00	,	1
5	,	8	,	-9.46436e+00	,	3.69600e+00	,	6.48600e+00	,	2.58000e-04	,	0.00000000e+00	,	1
7	,	8	,	-9.73700e+00	,	0.00000e+00	,	0.00000e+00	,	-4.36000e-04	,	0.00000000e+00	,	1
8	,	8	,	-9.73700e+00	,	0.00000e+00	,	0.00000e+00	,	-1.88100e-03	,	0.00000000e+00	,	1
1	,	9	,	-9.46436e+00	,	3.69600e+00	,	6.48600e+00	,	1.57000e-04	,	0.00000000e+00	,	1
3	,	9	,	-9.46436e+00	,	3.69600e+00	,	6.48600e+00	,	-4.27000e-04	,	0.00000000e+00	,	1
4	,	9	,	-9.46436e+00	,	3.69600e+00	,	6.48600e+00	,	-2.40000e-04	,	0.00000000e+00	,	1
5	,	9	,	-9.46436e+00	,	3.69600e+00	,	6.48600e+00	,	4.31000e-04	,	0.00000000e+00	,	1
6	,	9	,	-9.73700e+00	,	0.00000e+00	,	0.00000e+00	,	-1.24400e-03	,	0.00000000e+00	,	1
9	,	9	,	-9.73700e+00	,	0.00000e+00	,	0.00000e+00	,	-2.95100e-03	,	0.00000000e+00	,	1
1	,	10	,	-9.46436e+00	,	3.69600e+00	,	6.48600e+00	,	-4.10000e-04	,	0.00000000e+00	,	1
3	,	10	,	-9.46436e+00	,	3.69600e+00	,	6.48600e+00	,	-4.33000e-04	,	0.00000000e+00	,	1
4	,	10	,	-9.46436e+00	,	3.69600e+00	,	6.48600e+00	,	-8.70000e-04	,	0.00000000e+00	,	1
5	,	10	,	-9.46436e+00	,	3.69600e+00	,	6.48600e+00	,	4.77000e-04	,	0.00000000e+00	,	1
6	,	10	,	-9.73700e+00	,	0.00000e+00	,	0.00000e+00	,	3.87000e-04	,	0.00000000e+00	,	1
9	,	10	,	-9.73700e+00	,	0.00000e+00	,	0.00000e+00	,	-1.63000e-04	,	0.00000000e+00	,	1
10	,	10	,	-9.73700e+00	,	0.00000e+00	,	0.00000e+00	,	-1.58800e-03	,	0.00000000e+00	,	1
1	,	11	,	-4.59586e+00	,	3.69600e+00	,	1.09743e+01	,	-1.73000e-04	,	0.00000000e+00	,	1
3	,	11	,	-4.59586e+00	,	3.69600e+00	,	1.09743e+01	,	1.12000e-04	,	0.00000000e+00	,	1
4	,	11	,	-4.59586e+00	,	3.69600e+00	,	1.09743e+01	,	-3.06000e-04	,	0.00000000e+00	,	1
5	,	11	,	-4.59586e+00	,	3.69600e+00	,	1.09743e+01	,	-1.45000e-04	,	0.00000000e+00	,	1
11	,	11	,	-9.73700e+00	,	0.00000e+00	,	0.00000e+00	,	-5.16000e-04	,	0.00000000e+00	,	1
1	,	13	,	-4.59586e+00	,	3.69600e+00	,	1.09743e+01	,	-1.12000e-04	,	0.00000000e+00	,	1
4	,	13	,	-4.59586e+00	,	3.69600e+00	,	1.09743e+01	,	-1.94000e-04	,	0.00000000e+00	,	1
12	,	13	,	-9.73700e+00	,	0.00000e+00	,	0.00000e+00	,	-4.36000e-04	,	0.00000000e+00	,	1
13	,	13	,	-9.73700e+00	,	0.00000e+00	,	0.00000e+00	,	-1.88000e-03	,	0.00000000e+00	,	1
1	,	14	,	-4.59586e+00	,	3.69600e+00	,	1.09743e+01	,	-3.06000e-04	,	0.00000000e+00	,	1
3	,	14	,	-4.59586e+00	,	3.69600e+00	,	1.09743e+01	,	1.94000e-04	,	0.00000000e+00	,	1
4	,	14	,	-4.59586e+00	,	3.69600e+00	,	1.09743e+01	,	-5.32000e-04	,	0.00000000e+00	,	1
5	,	14	,	-4.59586e+00	,	3.69600e+00	,	1.09743e+01	,	-2.32000e-04	,	0.00000000e+00	,	1
11	,	14	,	-9.73700e+00	,	0.00000e+00	,	0.00000e+00	,	-1.24400e-03	,	0.00000000e+00	,	1
14	,	14	,	-9.73700e+00	,	0.00000e+00	,	0.00000e+00	,	-2.95100e-03	,	0.00000000e+00	,	1
1	,	15	,	-4.59586e+00	,	3.69600e+00	,	1.09743e+01	,	-1.45000e-04	,	0.00000000e+00	,	1
4	,	15	,	-4.59586e+00	,	3.69600e+00	,	1.09743e+01	,	-2.32000e-04	,	0.00000000e+00	,	1
5	,	15	,	-4.59586e+00	,	3.69600e+00	,	1.09743e+01	,	-1.55000e-04	,	0.00000000e+00	,	1
11	,	15	,	-9.73700e+00	,	0.00000e+00	,	0.00000e+00	,	3.88000e-04	,	0.00000000e+00	,	1
14	,	15	,	-9.73700e+00	,	0.00000e+00	,	0.00000e+00	,	-1.62000e-04	,	0.00000000e+00	,	1
15	,	15	,	-9.73700e+00	,	0.00000e+00	,	0.00000e+00	,	-1.58900e-03	,	0.00000000e+00	,	1
1	,	16	,	-4.86850e+00	,	0.00000e+00	,	4.48831e+00	,	7.62100e-03	,	0.00000000e+00	,	1
4	,	16	,	-4.86850e+00	,	0.00000e+00	,	4.48831e+00	,	1.59270e-02	,	0.00000000e+00	,	1
5	,	16	,	-4.86850e+00	,	0.00000e+00	,	4.48831e+00	,	-2.35000e-02	,	0.00000000e+00	,	1
6	,	16	,	-5.14114e+00	,	-3.69600e+00	,	-1.99769e+00	,	4.23800e-03	,	0.00000000e+00	,	1
7	,	16	,	-5.14114e+00	,	-3.69600e+00	,	-1.99769e+00	,	3.98100e-03	,	0.00000000e+00	,	1
8	,	16	,	-5.14114e+00	,	-3.69600e+00	,	-1.99769e+00	,	-1.89000e-04	,	0.00000000e+00	,	1
9	,	16	,	-5.14114e+00	,	-3.69600e+00	,	-1.99769e+00	,	-3.70200e-03	,	0.00000000e+00	,	1
10	,	16	,	-5.14114e+00	,	-3.69600e+00	,	-1.99769e+00	,	-2.08200e-03	,	0.00000000e+00	,	1
11	,	16	,	-1.00096e+01	,	-3.69600e+00	,	-6.48600e+00	,	4.39700e-03	,	0.00000000e+00	,	1
12	,	16	,	-1.00096e+01	,	-3.69600e+00	,	-6.48600e+00	,	6.21000e-03	,	0.00000000e+00	,	1
13	,	16	,	-1.00096e+01	,	-3.69600e+00	,	-6.48600e+00	,	-2.14800e-03	,	0.00000000e+00	,	1
14	,	16	,	-1.00096e+01	,	-3.69600e+00	,	-6.48600e+00	,	-1.05200e-03	,	0.00000000e+00	,	1
15	,	16	,	-1.00096e+01	,	-3.69600e+00	,	-6.48600e+00	,	1.25730e-02	,	0.00000000e+00	,	1
16	,	16	,	-9.73700e+00	,	0.00000e+00	,	0.00000e+00	,	-5.15000e-04	,	0.00000000e+00	,	1
2	,	17	,	-4.86850e+00	,	0.00000e+00	,	4.48831e+00	,	-1.67000e-04	,	0.00000000e+00	,	1
3	,	17	,	-4.86850e+00	,	0.00000e+00	,	4.48831e+00	,	-5.07000e-03	,	0.00000000e+00	,	1
6	,	17	,	-5.14114e+00	,	-3.69600e+00	,	-1.99769e+00	,	-3.98100e-03	,	0.00000000e+00	,	1
7	,	17	,	-5.14114e+00	,	-3.69600e+00	,	-1.99769e+00	,	1.33160e-02	,	0.00000000e+00	,	1
8	,	17	,	-5.14114e+00	,	-3.69600e+00	,	-1.99769e+00	,	-3.15300e-03	,	0.00000000e+00	,	1
9	,	17	,	-5.14114e+00	,	-3.69600e+00	,	-1.99769e+00	,	-2.11480e-02	,	0.00000000e+00	,	1
10	,	17	,	-5.14114e+00	,	-3.69600e+00	,	-1.99769e+00	,	-7.32000e-03	,	0.00000000e+00	,	1
11	,	17	,	-1.00096e+01	,	-3.69600e+00	,	-6.48600e+00	,	-2.06100e-03	,	0.00000000e+00	,	1
12	,	17	,	-1.00096e+01	,	-3.69600e+00	,	-6.48600e+00	,	2.09100e-03	,	0.00000000e+00	,	1
13	,	17	,	-1.00096e+01	,	-3.69600e+00	,	-6.48600e+00	,	3.58000e-04	,	0.00000000e+00	,	1
14	,	17	,	-1.00096e+01	,	-3.69600e+00	,	-6.48600e+00	,	9.98000e-04	,	0.00000000e+00	,	1
15	,	17	,	-1.00096e+01	,	-3.69600e+00	,	-6.48600e+00	,	-5.67900e-03	,	0.00000000e+00	,	1
2	,	18	,	-4.86850e+00	,	0.00000e+00	,	4.48831e+00	,	4.38000e-04	,	0.00000000e+00	,	1
3	,	18	,	-4.86850e+00	,	0.00000e+00	,	4.48831e+00	,	2.54900e-03	,	0.00000000e+00	,	1
6	,	18	,	-5.14114e+00	,	-3.69600e+00	,	-1.99769e+00	,	1.89000e-04	,	0.00000000e+00	,	1
7	,	18	,	-5.14114e+00	,	-3.69600e+00	,	-1.99769e+00	,	-3.15300e-03	,	0.00000000e+00	,	1
8	,	18	,	-5.14114e+00	,	-3.69600e+00	,	-1.99769e+00	,	-3.95000e-04	,	0.00000000e+00	,	1
9	,	18	,	-5.14114e+00	,	-3.69600e+00	,	-1.99769e+00	,	3.93900e-03	,	0.00000000e+00	,	1
10	,	18	,	-5.14114e+00	,	-3.69600e+00	,	-1.99769e+00	,	3.07000e-04	,	0.00000000e+00	,	1
11	,	18	,	-1.00096e+01	,	-3.69600e+00	,	-6.48600e+00	,	-1.07660e-02	,	0.00000000e+00	,	1
12	,	18	,	-1.00096e+01	,	-3.69600e+00	,	-6.48600e+00	,	-8.39100e-03	,	0.00000000e+00	,	1
13	,	18	,	-1.00096e+01	,	-3.69600e+00	,	-6.48600e+00	,	2.06700e-03	,	0.00000000e+00	,	1
14	,	18	,	-1.00096e+01	,	-3.69600e+00	,	-6.48600e+00	,	4.41400e-03	,	0.00000000e+00	,	1
15	,	18	,	-1.00096e+01	,	-3.69600e+00	,	-6.48600e+00	,	-2.07580e-02	,	0.00000000e+00	,	1
17	,	18	,	-9.73700e+00	,	0.00000e+00	,	0.00000e+00	,	-1.66000e-04	,	0.00000000e+00	,	1
18	,	18	,	-9.73700e+00	,	0.00000e+00	,	0.00000e+00	,	-1.88100e-03	,	0.00000000e+00	,	1
1	,	19	,	-4.86850e+00	,	0.00000e+00	,	4.48831e+00	,	-2.26400e-03	,	0.00000000e+00	,	1
4	,	19	,	-4.86850e+00	,	0.00000e+00	,	4.48831e+00	,	-5.41000e-03	,	0.00000000e+00	,	1
5	,	19	,	-4.86850e+00	,	0.00000e+00	,	4.48831e+00	,	2.54500e-03	,	0.00000000e+00	,	1
6	,	19	,	-5.14114e+00	,	-3.69600e+00	,	-1.99769e+00	,	-3.70200e-03	,	0.00000000e+00	,	1
7	,	19	,	-5.14114e+00	,	-3.69600e+00	,	-1.99769e+00	,	2.11480e-02	,	0.00000000e+00	,	1
8	,	19	,	-5.14114e+00	,	-3.69600e+00	,	-1.99769e+00	,	-3.93900e-03	,	0.00000000e+00	,	1
9	,	19	,	-5.14114e+00	,	-3.69600e+00	,	-1.99769e+00	,	-2.21980e-02	,	0.00000000e+00	,	1
10	,	19	,	-5.14114e+00	,	-3.69600e+00	,	-1.99769e+00	,	-7.23800e-03	,	0.00000000e+00	,	1
11	,	19	,	-1.00096e+01	,	-3.69600e+00	,	-6.48600e+00	,	-5.32000e-03	,	0.00000000e+00	,	1
12	,	19	,	-1.00096e+01	,	-3.69600e+00	,	-6.48600e+00	,	-8.47200e-03	,	0.00000000e+00	,	1
13	,	19	,	-1.00096e+01	,	-3.69600e+00	,	-6.48600e+00	,	1.43700e-03	,	0.00000000e+00	,	1
14	,	19	,	-1.00096e+01	,	-3.69600e+00	,	-6.48600e+00	,	1.66500e-03	,	0.00000000e+00	,	1
15	,	19	,	-1.00096e+01	,	-3.69600e+00	,	-6.48600e+00	,	-9.99500e-03	,	0.00000000e+00	,	1
16	,	19	,	-9.73700e+00	,	0.00000e+00	,	0.00000e+00	,	-1.62300e-03	,	0.00000000e+00	,	1
19	,	19	,	-9.73700e+00	,	0.00000e+00	,	0.00000e+00	,	-2.95100e-03	,	0.00000000e+00	,	1
1	,	20	,	-4.86850e+00	,	0.00000e+00	,	4.48831e+00	,	2.50000e-04	,	0.00000000e+00	,	1
4	,	20	,	-4.86850e+00	,	0.00000e+00	,	4.48831e+00	,	-4.49400e-03	,	0.00000000e+00	,	1
5	,	20	,	-4.86850e+00	,	0.00000e+00	,	4.48831e+00	,	7.94200e-03	,	0.00000000e+00	,	1
6	,	20	,	-5.14114e+00	,	-3.69600e+00	,	-1.99769e+00	,	-2.08200e-03	,	0.00000000e+00	,	1
7	,	20	,	-5.14114e+00	,	-3.69600e+00	,	-1.99769e+00	,	7.32000e-03	,	0.00000000e+00	,	1
8	,	20	,	-5.14114e+00	,	-3.69600e+00	,	-1.99769e+00	,	-3.07000e-04	,	0.00000000e+00	,	1
9	,	20	,	-5.14114e+00	,	-3.69600e+00	,	-1.99769e+00	,	-7.23800e-03	,	0.00000000e+00	,	1
10	,	20	,	-5.14114e+00	,	-3.69600e+00	,	-1.99769e+00	,	-1.81000e-03	,	0.00000000e+00	,	1
11	,	20	,	-1.00096e+01	,	-3.69600e+00	,	-6.48600e+00	,	3.60300e-03	,	0.00000000e+00	,	1
12	,	20	,	-1.00096e+01	,	-3.69600e+00	,	-6.48600e+00	,	2.20800e-03	,	0.00000000e+00	,	1
13	,	20	,	-1.00096e+01	,	-3.69600e+00	,	-6.48600e+00	,	-7.42000e-04	,	0.00000000e+00	,	1
14	,	20	,	-1.00096e+01	,	-3.69600e+00	,	-6.48600e+00	,	-9.98000e-04	,	0.00000000e+00	,	1
15	,	20	,	-1.00096e+01	,	-3.69600e+00	,	-6.48600e+00	,	7.40400e-03	,	0.00000000e+00	,	1
16	,	20	,	-9.73700e+00	,	0.00000e+00	,	0.00000e+00	,	-1.46800e-03	,	0.00000000e+00	,	1
19	,	20	,	-9.73700e+00	,	0.00000e+00	,	0.00000e+00	,	-1.88800e-03	,	0.00000000e+00	,	1
20	,	20	,	-9.73700e+00	,	0.00000e+00	,	0.00000e+00	,	-1.58800e-03	,	0.00000000e+00	,	1
6	,	10	,	-9.73700e+00	,	0.00000e+00	,	1.29720e+01	,	1.01000e-04	,	0.00000000e+00	,	1
6	,	11	,	-4.86850e+00	,	0.00000e+00	,	1.74603e+01	,	1.65000e-04	,	0.00000000e+00	,	1
6	,	14	,	-4.86850e+00	,	0.00000e+00	,	1.74603e+01	,	2.64000e-04	,	0.00000000e+00	,	1
7	,	14	,	-4.86850e+00	,	0.00000e+00	,	1.74603e+01	,	-1.40000e-04	,	0.00000000e+00	,	1
8	,	14	,	-4.86850e+00	,	0.00000e+00	,	1.74603e+01	,	-1.45000e-04	,	0.00000000e+00	,	1
6	,	16	,	-5.14114e+00	,	-3.69600e+00	,	1.09743e+01	,	-6.99000e-04	,	0.00000000e+00	,	1
7	,	16	,	-5.14114e+00	,	-3.69600e+00	,	1.09743e+01	,	3.56000e-04	,	0.00000000e+00	,	1
9	,	16	,	-5.14114e+00	,	-3.69600e+00	,	1.09743e+01	,	-2.47000e-04	,	0.00000000e+00	,	1
6	,	17	,	-5.14114e+00	,	-3.69600e+00	,	1.09743e+01	,	-3.56000e-04	,	0.00000000e+00	,	1
10	,	17	,	-5.14114e+00	,	-3.69600e+00	,	1.09743e+01	,	1.12000e-04	,	0.00000000e+00	,	1
6	,	19	,	-5.14114e+00	,	-3.69600e+00	,	1.09743e+01	,	-2.47000e-04	,	0.00000000e+00	,	1
7	,	20	,	-5.14114e+00	,	-3.69600e+00	,	1.09743e+01	,	-1.12000e-04	,	0.00000000e+00	,	1
1	,	6	,	-9.46436e+00	,	1.10880e+01	,	-6.48600e+00	,	-1.65000e-04	,	0.00000000e+00	,	1
2	,	6	,	-9.46436e+00	,	1.10880e+01	,	-6.48600e+00	,	1.72000e-04	,	0.00000000e+00	,	1
4	,	6	,	-9.46436e+00	,	1.10880e+01	,	-6.48600e+00	,	1.56000e-04	,	0.00000000e+00	,	1
5	,	6	,	-9.46436e+00	,	1.10880e+01	,	-6.48600e+00	,	-4.12000e-04	,	0.00000000e+00	,	1
1	,	8	,	-9.46436e+00	,	1.10880e+01	,	-6.48600e+00	,	3.19000e-04	,	0.00000000e+00	,	1
3	,	8	,	-9.46436e+00	,	1.10880e+01	,	-6.48600e+00	,	-1.22000e-04	,	0.00000000e+00	,	1
4	,	8	,	-9.46436e+00	,	1.10880e+01	,	-6.48600e+00	,	4.27000e-04	,	0.00000000e+00	,	1
5	,	8	,	-9.46436e+00	,	1.10880e+01	,	-6.48600e+00	,	4.33000e-04	,	0.00000000e+00	,	1
1	,	9	,	-9.46436e+00	,	1.10880e+01	,	-6.48600e+00	,	-5.62000e-04	,	0.00000000e+00	,	1
2	,	9	,	-9.46436e+00	,	1.10880e+01	,	-6.48600e+00	,	2.91000e-04	,	0.00000000e+00	,	1
3	,	9	,	-9.46436e+00	,	1.10880e+01	,	-6.48600e+00	,	2.24000e-04	,	0.00000000e+00	,	1
4	,	9	,	-9.46436e+00	,	1.10880e+01	,	-6.48600e+00	,	-2.40000e-04	,	0.00000000e+00	,	1
5	,	9	,	-9.46436e+00	,	1.10880e+01	,	-6.48600e+00	,	-8.70000e-04	,	0.00000000e+00	,	1
1	,	10	,	-9.46436e+00	,	1.10880e+01	,	-6.48600e+00	,	2.86000e-04	,	0.00000000e+00	,	1
3	,	10	,	-9.46436e+00	,	1.10880e+01	,	-6.48600e+00	,	-2.58000e-04	,	0.00000000e+00	,	1
4	,	10	,	-9.46436e+00	,	1.10880e+01	,	-6.48600e+00	,	4.32000e-04	,	0.00000000e+00	,	1
5	,	10	,	-9.46436e+00	,	1.10880e+01	,	-6.48600e+00	,	4.75000e-04	,	0.00000000e+00	,	1
11	,	16	,	-1.00096e+01	,	3.69600e+00	,	-1.94580e+01	,	4.39600e-03	,	0.00000000e+00	,	1
12	,	16	,	-1.00096e+01	,	3.69600e+00	,	-1.94580e+01	,	2.06000e-03	,	0.00000000e+00	,	1
13	,	16	,	-1.00096e+01	,	3.69600e+00	,	-1.94580e+01	,	1.07650e-02	,	0.00000000e+00	,	1
14	,	16	,	-1.00096e+01	,	3.69600e+00	,	-1.94580e+01	,	-5.31900e-03	,	0.00000000e+00	,	1
15	,	16	,	-1.00096e+01	,	3.69600e+00	,	-1.94580e+01	,	3.60300e-03	,	0.00000000e+00	,	1
1	,	17	,	-4.86850e+00	,	7.39200e+00	,	-8.48369e+00	,	1.29000e-04	,	0.00000000e+00	,	1
11	,	17	,	-1.00096e+01	,	3.69600e+00	,	-1.94580e+01	,	-6.21000e-03	,	0.00000000e+00	,	1
12	,	17	,	-1.00096e+01	,	3.69600e+00	,	-1.94580e+01	,	2.09100e-03	,	0.00000000e+00	,	1
13	,	17	,	-1.00096e+01	,	3.69600e+00	,	-1.94580e+01	,	-8.39200e-03	,	0.00000000e+00	,	1
14	,	17	,	-1.00096e+01	,	3.69600e+00	,	-1.94580e+01	,	8.47300e-03	,	0.00000000e+00	,	1
15	,	17	,	-1.00096e+01	,	3.69600e+00	,	-1.94580e+01	,	-2.20900e-03	,	0.00000000e+00	,	1
11	,	18	,	-1.00096e+01	,	3.69600e+00	,	-1.94580e+01	,	2.14800e-03	,	0.00000000e+00	,	1
12	,	18	,	-1.00096e+01	,	3.69600e+00	,	-1.94580e+01	,	3.59000e-04	,	0.00000000e+00	,	1
13	,	18	,	-1.00096e+01	,	3.69600e+00	,	-1.94580e+01	,	2.06600e-03	,	0.00000000e+00	,	1
14	,	18	,	-1.00096e+01	,	3.69600e+00	,	-1.94580e+01	,	-1.43800e-03	,	0.00000000e+00	,	1
15	,	18	,	-1.00096e+01	,	3.69600e+00	,	-1.94580e+01	,	7.41000e-04	,	0.00000000e+00	,	1
1	,	19	,	-4.86850e+00	,	7.39200e+00	,	-8.48369e+00	,	1.05000e-04	,	0.00000000e+00	,	1
2	,	19	,	-4.86850e+00	,	7.39200e+00	,	-8.48369e+00	,	-1.02000e-04	,	0.00000000e+00	,	1
11	,	19	,	-1.00096e+01	,	3.69600e+00	,	-1.94580e+01	,	-1.05100e-03	,	0.00000000e+00	,	1
12	,	19	,	-1.00096e+01	,	3.69600e+00	,	-1.94580e+01	,	-9.98000e-04	,	0.00000000e+00	,	1
13	,	19	,	-1.00096e+01	,	3.69600e+00	,	-1.94580e+01	,	-4.41300e-03	,	0.00000000e+00	,	1
14	,	19	,	-1.00096e+01	,	3.69600e+00	,	-1.94580e+01	,	1.66500e-03	,	0.00000000e+00	,	1
15	,	19	,	-1.00096e+01	,	3.69600e+00	,	-1.94580e+01	,	-9.98000e-04	,	0.00000000e+00	,	1
4	,	20	,	-4.86850e+00	,	7.39200e+00	,	-8.48369e+00	,	-1.60000e-04	,	0.00000000e+00	,	1
11	,	20	,	-1.00096e+01	,	3.69600e+00	,	-1.94580e+01	,	1.25720e-02	,	0.00000000e+00	,	1
12	,	20	,	-1.00096e+01	,	3.69600e+00	,	-1.94580e+01	,	5.67900e-03	,	0.00000000e+00	,	1
13	,	20	,	-1.00096e+01	,	3.69600e+00	,	-1.94580e+01	,	2.07590e-02	,	0.00000000e+00	,	1
14	,	20	,	-1.00096e+01	,	3.69600e+00	,	-1.94580e+01	,	-9.99500e-03	,	0.00000000e+00	,	1
15	,	20	,	-1.00096e+01	,	3.69600e+00	,	-1.94580e+01	,	7.40500e-03	,	0.00000000e+00	,	1
1	,	2	,	-9.73700e+00	,	7.39200e+00	,	0.00000e+00	,	-5.28000e-04	,	0.00000000e+00	,	1
1	,	3	,	-9.73700e+00	,	7.39200e+00	,	0.00000e+00	,	-2.47000e-04	,	0.00000000e+00	,	1
1	,	4	,	-9.73700e+00	,	7.39200e+00	,	0.00000e+00	,	1.88000e-04	,	0.00000000e+00	,	1
3	,	4	,	-9.73700e+00	,	7.39200e+00	,	0.00000e+00	,	-6.49000e-04	,	0.00000000e+00	,	1
4	,	4	,	-9.73700e+00	,	7.39200e+00	,	0.00000e+00	,	3.53000e-04	,	0.00000000e+00	,	1
1	,	5	,	-9.73700e+00	,	7.39200e+00	,	0.00000e+00	,	1.73000e-04	,	0.00000000e+00	,	1
4	,	5	,	-9.73700e+00	,	7.39200e+00	,	0.00000e+00	,	3.63000e-04	,	0.00000000e+00	,	1
1	,	6	,	-9.46436e+00	,	1.10880e+01	,	6.48600e+00	,	-1.65000e-04	,	0.00000000e+00	,	1
3	,	6	,	-9.46436e+00	,	1.10880e+01	,	6.48600e+00	,	3.19000e-04	,	0.00000000e+00	,	1
4	,	6	,	-9.46436e+00	,	1.10880e+01	,	6.48600e+00	,	-5.62000e-04	,	0.00000000e+00	,	1
5	,	6	,	-9.46436e+00	,	1.10880e+01	,	6.48600e+00	,	2.85000e-04	,	0.00000000e+00	,	1
1	,	7	,	-9.46436e+00	,	1.10880e+01	,	6.48600e+00	,	1.73000e-04	,	0.00000000e+00	,	1
4	,	7	,	-9.46436e+00	,	1.10880e+01	,	6.48600e+00	,	2.91000e-04	,	0.00000000e+00	,	1
3	,	8	,	-9.46436e+00	,	1.10880e+01	,	6.48600e+00	,	-1.23000e-04	,	0.00000000e+00	,	1
4	,	8	,	-9.46436e+00	,	1.10880e+01	,	6.48600e+00	,	2.24000e-04	,	0.00000000e+00	,	1
5	,	8	,	-9.46436e+00	,	1.10880e+01	,	6.48600e+00	,	-2.59000e-04	,	0.00000000e+00	,	1
6	,	8	,	-9.73700e+00	,	7.39200e+00	,	0.00000e+00	,	-4.88000e-04	,	0.00000000e+00	,	1
7	,	8	,	-9.73700e+00	,	7.39200e+00	,	0.00000e+00	,	8.08000e-04	,	0.00000000e+00	,	1
1	,	9	,	-9.46436e+00	,	1.10880e+01	,	6.48600e+00	,	1.55000e-04	,	0.00000000e+00	,	1
3	,	9	,	-9.46436e+00	,	1.10880e+01	,	6.48600e+00	,	4.26000e-04	,	0.00000000e+00	,	1
4	,	9	,	-9.46436e+00	,	1.10880e+01	,	6.48600e+00	,	-2.39000e-04	,	0.00000000e+00	,	1
5	,	9	,	-9.46436e+00	,	1.10880e+01	,	6.48600e+00	,	4.33000e-04	,	0.00000000e+00	,	1
6	,	9	,	-9.73700e+00	,	7.39200e+00	,	0.00000e+00	,	3.09000e-04	,	0.00000000e+00	,	1
7	,	9	,	-9.73700e+00	,	7.39200e+00	,	0.00000e+00	,	-9.77000e-04	,	0.00000000e+00	,	1
8	,	9	,	-9.73700e+00	,	7.39200e+00	,	0.00000e+00	,	-4.84000e-04	,	0.00000000e+00	,	1
9	,	9	,	-9.73700e+00	,	7.39200e+00	,	0.00000e+00	,	3.54000e-04	,	0.00000000e+00	,	1
1	,	10	,	-9.46436e+00	,	1.10880e+01	,	6.48600e+00	,	-4.11000e-04	,	0.00000000e+00	,	1
3	,	10	,	-9.46436e+00	,	1.10880e+01	,	6.48600e+00	,	4.33000e-04	,	0.00000000e+00	,	1
4	,	10	,	-9.46436e+00	,	1.10880e+01	,	6.48600e+00	,	-8.70000e-04	,	0.00000000e+00	,	1
5	,	10	,	-9.46436e+00	,	1.10880e+01	,	6.48600e+00	,	4.75000e-04	,	0.00000000e+00	,	1
6	,	10	,	-9.73700e+00	,	7.39200e+00	,	0.00000e+00	,	-4.01000e-04	,	0.00000000e+00	,	1
7	,	10	,	-9.73700e+00	,	7.39200e+00	,	0.00000e+00	,	1.11000e-04	,	0.00000000e+00	,	1
8	,	10	,	-9.73700e+00	,	7.39200e+00	,	0.00000e+00	,	1.33000e-04	,	0.00000000e+00	,	1
11	,	13	,	-9.73700e+00	,	7.39200e+00	,	0.00000e+00	,	4.89000e-04	,	0.00000000e+00	,	1
12	,	13	,	-9.73700e+00	,	7.39200e+00	,	0.00000e+00	,	8.09000e-04	,	0.00000000e+00	,	1
11	,	14	,	-9.73700e+00	,	7.39200e+00	,	0.00000e+00	,	3.10000e-04	,	0.00000000e+00	,	1
12	,	14	,	-9.73700e+00	,	7.39200e+00	,	0.00000e+00	,	9.77000e-04	,	0.00000000e+00	,	1
13	,	14	,	-9.73700e+00	,	7.39200e+00	,	0.00000e+00	,	4.84000e-04	,	0.00000000e+00	,	1
14	,	14	,	-9.73700e+00	,	7.39200e+00	,	0.00000e+00	,	3.53000e-04	,	0.00000000e+00	,	1
11	,	15	,	-9.73700e+00	,	7.39200e+00	,	0.00000e+00	,	-4.02000e-04	,	0.00000000e+00	,	1
12	,	15	,	-9.73700e+00	,	7.39200e+00	,	0.00000e+00	,	-1.12000e-04	,	0.00000000e+00	,	1
13	,	15	,	-9.73700e+00	,	7.39200e+00	,	0.00000e+00	,	-1.33000e-04	,	0.00000000e+00	,	1
1	,	16	,	-4.86850e+00	,	7.39200e+00	,	4.48831e+00	,	2.78100e-03	,	0.00000000e+00	,	1
2	,	16	,	-4.86850e+00	,	7.39200e+00	,	4.48831e+00	,	9.22000e-04	,	0.00000000e+00	,	1
3	,	16	,	-4.86850e+00	,	7.39200e+00	,	4.48831e+00	,	-4.67500e-03	,	0.00000000e+00	,	1
4	,	16	,	-4.86850e+00	,	7.39200e+00	,	4.48831e+00	,	1.50100e-03	,	0.00000000e+00	,	1
5	,	16	,	-4.86850e+00	,	7.39200e+00	,	4.48831e+00	,	-2.58000e-03	,	0.00000000e+00	,	1
11	,	16	,	-1.00096e+01	,	3.69600e+00	,	-6.48600e+00	,	4.39600e-03	,	0.00000000e+00	,	1
12	,	16	,	-1.00096e+01	,	3.69600e+00	,	-6.48600e+00	,	-6.21100e-03	,	0.00000000e+00	,	1
13	,	16	,	-1.00096e+01	,	3.69600e+00	,	-6.48600e+00	,	2.14800e-03	,	0.00000000e+00	,	1
14	,	16	,	-1.00096e+01	,	3.69600e+00	,	-6.48600e+00	,	-1.05100e-03	,	0.00000000e+00	,	1
15	,	16	,	-1.00096e+01	,	3.69600e+00	,	-6.48600e+00	,	1.25730e-02	,	0.00000000e+00	,	1
1	,	17	,	-4.86850e+00	,	7.39200e+00	,	4.48831e+00	,	1.71300e-03	,	0.00000000e+00	,	1
2	,	17	,	-4.86850e+00	,	7.39200e+00	,	4.48831e+00	,	5.24000e-04	,	0.00000000e+00	,	1
3	,	17	,	-4.86850e+00	,	7.39200e+00	,	4.48831e+00	,	-2.31400e-03	,	0.00000000e+00	,	1
4	,	17	,	-4.86850e+00	,	7.39200e+00	,	4.48831e+00	,	1.34500e-03	,	0.00000000e+00	,	1
5	,	17	,	-4.86850e+00	,	7.39200e+00	,	4.48831e+00	,	-2.27300e-03	,	0.00000000e+00	,	1
7	,	17	,	-5.14114e+00	,	3.69600e+00	,	-1.99769e+00	,	1.12000e-04	,	0.00000000e+00	,	1
9	,	17	,	-5.14114e+00	,	3.69600e+00	,	-1.99769e+00	,	-2.20000e-04	,	0.00000000e+00	,	1
11	,	17	,	-1.00096e+01	,	3.69600e+00	,	-6.48600e+00	,	2.06000e-03	,	0.00000000e+00	,	1
12	,	17	,	-1.00096e+01	,	3.69600e+00	,	-6.48600e+00	,	2.09100e-03	,	0.00000000e+00	,	1
13	,	17	,	-1.00096e+01	,	3.69600e+00	,	-6.48600e+00	,	3.59000e-04	,	0.00000000e+00	,	1
14	,	17	,	-1.00096e+01	,	3.69600e+00	,	-6.48600e+00	,	-9.98000e-04	,	0.00000000e+00	,	1
15	,	17	,	-1.00096e+01	,	3.69600e+00	,	-6.48600e+00	,	5.67800e-03	,	0.00000000e+00	,	1
16	,	17	,	-9.73700e+00	,	7.39200e+00	,	0.00000e+00	,	5.28000e-04	,	0.00000000e+00	,	1
1	,	18	,	-4.86850e+00	,	7.39200e+00	,	4.48831e+00	,	2.17900e-03	,	0.00000000e+00	,	1
2	,	18	,	-4.86850e+00	,	7.39200e+00	,	4.48831e+00	,	2.65000e-04	,	0.00000000e+00	,	1
3	,	18	,	-4.86850e+00	,	7.39200e+00	,	4.48831e+00	,	-1.96700e-03	,	0.00000000e+00	,	1
4	,	18	,	-4.86850e+00	,	7.39200e+00	,	4.48831e+00	,	1.30600e-03	,	0.00000000e+00	,	1
5	,	18	,	-4.86850e+00	,	7.39200e+00	,	4.48831e+00	,	-2.04800e-03	,	0.00000000e+00	,	1
9	,	18	,	-5.14114e+00	,	3.69600e+00	,	-1.99769e+00	,	-1.03000e-04	,	0.00000000e+00	,	1
11	,	18	,	-1.00096e+01	,	3.69600e+00	,	-6.48600e+00	,	1.07660e-02	,	0.00000000e+00	,	1
12	,	18	,	-1.00096e+01	,	3.69600e+00	,	-6.48600e+00	,	-8.39100e-03	,	0.00000000e+00	,	1
13	,	18	,	-1.00096e+01	,	3.69600e+00	,	-6.48600e+00	,	2.06700e-03	,	0.00000000e+00	,	1
14	,	18	,	-1.00096e+01	,	3.69600e+00	,	-6.48600e+00	,	-4.41300e-03	,	0.00000000e+00	,	1
15	,	18	,	-1.00096e+01	,	3.69600e+00	,	-6.48600e+00	,	2.07590e-02	,	0.00000000e+00	,	1
16	,	18	,	-9.73700e+00	,	7.39200e+00	,	0.00000e+00	,	2.46000e-04	,	0.00000000e+00	,	1
1	,	19	,	-4.86850e+00	,	7.39200e+00	,	4.48831e+00	,	-5.29000e-04	,	0.00000000e+00	,	1
2	,	19	,	-4.86850e+00	,	7.39200e+00	,	4.48831e+00	,	2.44000e-04	,	0.00000000e+00	,	1
7	,	19	,	-5.14114e+00	,	3.69600e+00	,	-1.99769e+00	,	2.20000e-04	,	0.00000000e+00	,	1
8	,	19	,	-5.14114e+00	,	3.69600e+00	,	-1.99769e+00	,	1.03000e-04	,	0.00000000e+00	,	1
11	,	19	,	-1.00096e+01	,	3.69600e+00	,	-6.48600e+00	,	-5.31900e-03	,	0.00000000e+00	,	1
12	,	19	,	-1.00096e+01	,	3.69600e+00	,	-6.48600e+00	,	8.47200e-03	,	0.00000000e+00	,	1
13	,	19	,	-1.00096e+01	,	3.69600e+00	,	-6.48600e+00	,	-1.43600e-03	,	0.00000000e+00	,	1
14	,	19	,	-1.00096e+01	,	3.69600e+00	,	-6.48600e+00	,	1.66500e-03	,	0.00000000e+00	,	1
15	,	19	,	-1.00096e+01	,	3.69600e+00	,	-6.48600e+00	,	-9.99600e-03	,	0.00000000e+00	,	1
16	,	19	,	-9.73700e+00	,	7.39200e+00	,	0.00000e+00	,	1.88000e-04	,	0.00000000e+00	,	1
18	,	19	,	-9.73700e+00	,	7.39200e+00	,	0.00000e+00	,	6.50000e-04	,	0.00000000e+00	,	1
19	,	19	,	-9.73700e+00	,	7.39200e+00	,	0.00000e+00	,	3.54000e-04	,	0.00000000e+00	,	1
1	,	20	,	-4.86850e+00	,	7.39200e+00	,	4.48831e+00	,	9.16000e-04	,	0.00000000e+00	,	1
3	,	20	,	-4.86850e+00	,	7.39200e+00	,	4.48831e+00	,	-5.36000e-04	,	0.00000000e+00	,	1
4	,	20	,	-4.86850e+00	,	7.39200e+00	,	4.48831e+00	,	5.42000e-04	,	0.00000000e+00	,	1
5	,	20	,	-4.86850e+00	,	7.39200e+00	,	4.48831e+00	,	-1.00000e-03	,	0.00000000e+00	,	1
10	,	20	,	-5.14114e+00	,	3.69600e+00	,	-1.99769e+00	,	-1.11000e-04	,	0.00000000e+00	,	1
11	,	20	,	-1.00096e+01	,	3.69600e+00	,	-6.48600e+00	,	3.60300e-03	,	0.00000000e+00	,	1
12	,	20	,	-1.00096e+01	,	3.69600e+00	,	-6.48600e+00	,	-2.20800e-03	,	0.00000000e+00	,	1
13	,	20	,	-1.00096e+01	,	3.69600e+00	,	-6.48600e+00	,	7.42000e-04	,	0.00000000e+00	,	1
14	,	20	,	-1.00096e+01	,	3.69600e+00	,	-6.48600e+00	,	-9.98000e-04	,	0.00000000e+00	,	1
15	,	20	,	-1.00096e+01	,	3.69600e+00	,	-6.48600e+00	,	7.40500e-03	,	0.00000000e+00	,	1
16	,	20	,	-9.73700e+00	,	7.39200e+00	,	0.00000e+00	,	1.73000e-04	,	0.00000000e+00	,	1
19	,	20	,	-9.73700e+00	,	7.39200e+00	,	0.00000e+00	,	3.64000e-04	,	0.00000000e+00	,	1
12	,	16	,	-1.00096e+01	,	1.10880e+01	,	-1.94580e+01	,	1.85000e-04	,	0.00000000e+00	,	1
12	,	17	,	-1.00096e+01	,	1.10880e+01	,	-1.94580e+01	,	-1.04000e-04	,	0.00000000e+00	,	1
13	,	17	,	-1.00096e+01	,	1.10880e+01	,	-1.94580e+01	,	-2.63000e-04	,	0.00000000e+00	,	1
14	,	17	,	-1.00096e+01	,	1.10880e+01	,	-1.94580e+01	,	1.19000e-04	,	0.00000000e+00	,	1
15	,	17	,	-1.00096e+01	,	1.10880e+01	,	-1.94580e+01	,	-1.11000e-04	,	0.00000000e+00	,	1
11	,	18	,	-1.00096e+01	,	1.10880e+01	,	-1.94580e+01	,	-1.35000e-04	,	0.00000000e+00	,	1
13	,	18	,	-1.00096e+01	,	1.10880e+01	,	-1.94580e+01	,	-1.08000e-04	,	0.00000000e+00	,	1
12	,	19	,	-1.00096e+01	,	1.10880e+01	,	-1.94580e+01	,	-1.01000e-04	,	0.00000000e+00	,	1
12	,	20	,	-1.00096e+01	,	1.10880e+01	,	-1.94580e+01	,	2.19000e-04	,	0.00000000e+00	,	1
3	,	16	,	-4.86850e+00	,	1.47840e+01	,	4.48831e+00	,	-1.31000e-04	,	0.00000000e+00	,	1
13	,	16	,	-1.00096e+01	,	1.10880e+01	,	-6.48600e+00	,	-1.34000e-04	,	0.00000000e+00	,	1
11	,	17	,	-1.00096e+01	,	1.10880e+01	,	-6.48600e+00	,	1.84000e-04	,	0.00000000e+00	,	1
12	,	17	,	-1.00096e+01	,	1.10880e+01	,	-6.48600e+00	,	-1.05000e-04	,	0.00000000e+00	,	1
14	,	17	,	-1.00096e+01	,	1.10880e+01	,	-6.48600e+00	,	-1.00000e-04	,	0.00000000e+00	,	1
15	,	17	,	-1.00096e+01	,	1.10880e+01	,	-6.48600e+00	,	2.19000e-04	,	0.00000000e+00	,	1
12	,	18	,	-1.00096e+01	,	1.10880e+01	,	-6.48600e+00	,	-2.63000e-04	,	0.00000000e+00	,	1
13	,	18	,	-1.00096e+01	,	1.10880e+01	,	-6.48600e+00	,	-1.07000e-04	,	0.00000000e+00	,	1
12	,	19	,	-1.00096e+01	,	1.10880e+01	,	-6.48600e+00	,	1.20000e-04	,	0.00000000e+00	,	1
12	,	20	,	-1.00096e+01	,	1.10880e+01	,	-6.48600e+00	,	-1.12000e-04	,	0.00000000e+00	,	1
6	,	13	,	4.86850e+00	,	-2.21760e+01	,	1.74603e+01	,	-1.32000e-04	,	0.00000000e+00	,	1
1	,	1	,	0.00000e+00	,	-1.47840e+01	,	0.00000e+00	,	-1.57000e-04	,	0.00000000e+00	,	1
1	,	2	,	0.00000e+00	,	-1.47840e+01	,	0.00000e+00	,	1.14000e-04	,	0.00000000e+00	,	1
2	,	2	,	0.00000e+00	,	-1.47840e+01	,	0.00000e+00	,	7.14000e-04	,	0.00000000e+00	,	1
2	,	3	,	0.00000e+00	,	-1.47840e+01	,	0.00000e+00	,	4.60000e-04	,	0.00000000e+00	,	1
3	,	3	,	0.00000e+00	,	-1.47840e+01	,	0.00000e+00	,	4.35000e-04	,	0.00000000e+00	,	1
2	,	4	,	0.00000e+00	,	-1.47840e+01	,	0.00000e+00	,	1.35000e-04	,	0.00000000e+00	,	1
2	,	5	,	0.00000e+00	,	-1.47840e+01	,	0.00000e+00	,	3.92000e-04	,	0.00000000e+00	,	1
3	,	5	,	0.00000e+00	,	-1.47840e+01	,	0.00000e+00	,	3.18000e-04	,	0.00000000e+00	,	1
5	,	5	,	0.00000e+00	,	-1.47840e+01	,	0.00000e+00	,	-2.61000e-04	,	0.00000000e+00	,	1
6	,	6	,	0.00000e+00	,	-1.47840e+01	,	0.00000e+00	,	-1.56000e-04	,	0.00000000e+00	,	1
6	,	7	,	0.00000e+00	,	-1.47840e+01	,	0.00000e+00	,	-1.15000e-04	,	0.00000000e+00	,	1
7	,	7	,	0.00000e+00	,	-1.47840e+01	,	0.00000e+00	,	7.15000e-04	,	0.00000000e+00	,	1
7	,	8	,	0.00000e+00	,	-1.47840e+01	,	0.00000e+00	,	4.60000e-04	,	0.00000000e+00	,	1
8	,	8	,	0.00000e+00	,	-1.47840e+01	,	0.00000e+00	,	4.34000e-04	,	0.00000000e+00	,	1
7	,	9	,	0.00000e+00	,	-1.47840e+01	,	0.00000e+00	,	-1.35000e-04	,	0.00000000e+00	,	1
7	,	10	,	0.00000e+00	,	-1.47840e+01	,	0.00000e+00	,	-3.91000e-04	,	0.00000000e+00	,	1
8	,	10	,	0.00000e+00	,	-1.47840e+01	,	0.00000e+00	,	-3.18000e-04	,	0.00000000e+00	,	1
10	,	10	,	0.00000e+00	,	-1.47840e+01	,	0.00000e+00	,	-2.61000e-04	,	0.00000000e+00	,	1
7	,	11	,	4.86850e+00	,	-1.47840e+01	,	4.48831e+00	,	1.30000e-04	,	0.00000000e+00	,	1
9	,	11	,	4.86850e+00	,	-1.47840e+01	,	4.48831e+00	,	1.05000e-04	,	0.00000000e+00	,	1
11	,	11	,	0.00000e+00	,	-1.47840e+01	,	0.00000e+00	,	-1.57000e-04	,	0.00000000e+00	,	1
4	,	12	,	5.14114e+00	,	-1.10880e+01	,	1.09743e+01	,	1.96000e-04	,	0.00000000e+00	,	1
5	,	12	,	5.14114e+00	,	-1.10880e+01	,	1.09743e+01	,	1.28000e-04	,	0.00000000e+00	,	1
9	,	12	,	4.86850e+00	,	-1.47840e+01	,	4.48831e+00	,	-1.03000e-04	,	0.00000000e+00	,	1
11	,	12	,	0.00000e+00	,	-1.47840e+01	,	0.00000e+00	,	1.15000e-04	,	0.00000000e+00	,	1
12	,	12	,	0.00000e+00	,	-1.47840e+01	,	0.00000e+00	,	7.14000e-04	,	0.00000000e+00	,	1
12	,	13	,	0.00000e+00	,	-1.47840e+01	,	0.00000e+00	,	4.60000e-04	,	0.00000000e+00	,	1
13	,	13	,	0.00000e+00	,	-1.47840e+01	,	0.00000e+00	,	4.35000e-04	,	0.00000000e+00	,	1
2	,	14	,	5.14114e+00	,	-1.10880e+01	,	1.09743e+01	,	-1.96000e-04	,	0.00000000e+00	,	1
10	,	14	,	4.86850e+00	,	-1.47840e+01	,	4.48831e+00	,	-1.60000e-04	,	0.00000000e+00	,	1
12	,	14	,	0.00000e+00	,	-1.47840e+01	,	0.00000e+00	,	1.35000e-04	,	0.00000000e+00	,	1
2	,	15	,	5.14114e+00	,	-1.10880e+01	,	1.09743e+01	,	-1.28000e-04	,	0.00000000e+00	,	1
5	,	15	,	5.14114e+00	,	-1.10880e+01	,	1.09743e+01	,	1.95000e-04	,	0.00000000e+00	,	1
12	,	15	,	0.00000e+00	,	-1.47840e+01	,	0.00000e+00	,	3.92000e-04	,	0.00000000e+00	,	1
13	,	15	,	0.00000e+00	,	-1.47840e+01	,	0.00000e+00	,	3.17000e-04	,	0.00000000e+00	,	1
15	,	15	,	0.00000e+00	,	-1.47840e+01	,	0.00000e+00	,	-2.61000e-04	,	0.00000000e+00	,	1
16	,	16	,	0.00000e+00	,	-1.47840e+01	,	0.00000e+00	,	-1.56000e-04	,	0.00000000e+00	,	1
9	,	17	,	4.59586e+00	,	-1.84800e+01	,	-1.99769e+00	,	-1.95000e-04	,	0.00000000e+00	,	1
10	,	17	,	4.59586e+00	,	-1.84800e+01	,	-1.99769e+00	,	-1.28000e-04	,	0.00000000e+00	,	1
16	,	17	,	0.00000e+00	,	-1.47840e+01	,	0.00000e+00	,	-1.15000e-04	,	0.00000000e+00	,	1
17	,	17	,	0.00000e+00	,	-1.47840e+01	,	0.00000e+00	,	7.15000e-04	,	0.00000000e+00	,	1
1	,	18	,	4.86850e+00	,	-1.47840e+01	,	4.48831e+00	,	1.32000e-04	,	0.00000000e+00	,	1
10	,	18	,	4.59586e+00	,	-1.84800e+01	,	-1.99769e+00	,	-1.01000e-04	,	0.00000000e+00	,	1
17	,	18	,	0.00000e+00	,	-1.47840e+01	,	0.00000e+00	,	4.60000e-04	,	0.00000000e+00	,	1
18	,	18	,	0.00000e+00	,	-1.47840e+01	,	0.00000e+00	,	4.34000e-04	,	0.00000000e+00	,	1
7	,	19	,	4.59586e+00	,	-1.84800e+01	,	-1.99769e+00	,	1.95000e-04	,	0.00000000e+00	,	1
17	,	19	,	0.00000e+00	,	-1.47840e+01	,	0.00000e+00	,	-1.35000e-04	,	0.00000000e+00	,	1
7	,	20	,	4.59586e+00	,	-1.84800e+01	,	-1.99769e+00	,	1.28000e-04	,	0.00000000e+00	,	1
8	,	20	,	4.59586e+00	,	-1.84800e+01	,	-1.99769e+00	,	1.01000e-04	,	0.00000000e+00	,	1
10	,	20	,	4.59586e+00	,	-1.84800e+01	,	-1.99769e+00	,	1.96000e-04	,	0.00000000e+00	,	1
17	,	20	,	0.00000e+00	,	-1.47840e+01	,	0.00000e+00	,	-3.93000e-04	,	0.00000000e+00	,	1
18	,	20	,	0.00000e+00	,	-1.47840e+01	,	0.00000e+00	,	-3.18000e-04	,	0.00000000e+00	,	1
20	,	20	,	0.00000e+00	,	-1.47840e+01	,	0.00000e+00	,	-2.61000e-04	,	0.00000000e+00	,	1
6	,	11	,	4.86850e+00	,	-1.47840e+01	,	1.74603e+01	,	2.78100e-03	,	0.00000000e+00	,	1
7	,	11	,	4.86850e+00	,	-1.47840e+01	,	1.74603e+01	,	1.71300e-03	,	0.00000000e+00	,	1
8	,	11	,	4.86850e+00	,	-1.47840e+01	,	1.74603e+01	,	2.18100e-03	,	0.00000000e+00	,	1
9	,	11	,	4.86850e+00	,	-1.47840e+01	,	1.74603e+01	,	-5.29000e-04	,	0.00000000e+00	,	1
10	,	11	,	4.86850e+00	,	-1.47840e+01	,	1.74603e+01	,	9.16000e-04	,	0.00000000e+00	,	1
6	,	12	,	4.86850e+00	,	-1.47840e+01	,	1.74603e+01	,	9.23000e-04	,	0.00000000e+00	,	1
7	,	12	,	4.86850e+00	,	-1.47840e+01	,	1.74603e+01	,	5.24000e-04	,	0.00000000e+00	,	1
8	,	12	,	4.86850e+00	,	-1.47840e+01	,	1.74603e+01	,	2.65000e-04	,	0.00000000e+00	,	1
9	,	12	,	4.86850e+00	,	-1.47840e+01	,	1.74603e+01	,	2.43000e-04	,	0.00000000e+00	,	1
6	,	13	,	4.86850e+00	,	-1.47840e+01	,	1.74603e+01	,	-4.67500e-03	,	0.00000000e+00	,	1
7	,	13	,	4.86850e+00	,	-1.47840e+01	,	1.74603e+01	,	-2.31300e-03	,	0.00000000e+00	,	1
8	,	13	,	4.86850e+00	,	-1.47840e+01	,	1.74603e+01	,	-1.96700e-03	,	0.00000000e+00	,	1
10	,	13	,	4.86850e+00	,	-1.47840e+01	,	1.74603e+01	,	-5.37000e-04	,	0.00000000e+00	,	1
6	,	14	,	4.86850e+00	,	-1.47840e+01	,	1.74603e+01	,	1.50100e-03	,	0.00000000e+00	,	1
7	,	14	,	4.86850e+00	,	-1.47840e+01	,	1.74603e+01	,	1.34500e-03	,	0.00000000e+00	,	1
8	,	14	,	4.86850e+00	,	-1.47840e+01	,	1.74603e+01	,	1.30500e-03	,	0.00000000e+00	,	1
10	,	14	,	4.86850e+00	,	-1.47840e+01	,	1.74603e+01	,	5.42000e-04	,	0.00000000e+00	,	1
6	,	15	,	4.86850e+00	,	-1.47840e+01	,	1.74603e+01	,	-2.58000e-03	,	0.00000000e+00	,	1
7	,	15	,	4.86850e+00	,	-1.47840e+01	,	1.74603e+01	,	-2.27400e-03	,	0.00000000e+00	,	1
8	,	15	,	4.86850e+00	,	-1.47840e+01	,	1.74603e+01	,	-2.04800e-03	,	0.00000000e+00	,	1
10	,	15	,	4.86850e+00	,	-1.47840e+01	,	1.74603e+01	,	-1.00100e-03	,	0.00000000e+00	,	1
1	,	1	,	0.00000e+00	,	-7.39200e+00	,	-1.29720e+01	,	1.23000e-04	,	0.00000000e+00	,	1
1	,	3	,	0.00000e+00	,	-7.39200e+00	,	-1.29720e+01	,	1.95000e-04	,	0.00000000e+00	,	1
2	,	3	,	0.00000e+00	,	-7.39200e+00	,	-1.29720e+01	,	2.13000e-04	,	0.00000000e+00	,	1
1	,	4	,	0.00000e+00	,	-7.39200e+00	,	-1.29720e+01	,	-1.09000e-04	,	0.00000000e+00	,	1
2	,	4	,	0.00000e+00	,	-7.39200e+00	,	-1.29720e+01	,	-1.58000e-04	,	0.00000000e+00	,	1
5	,	5	,	0.00000e+00	,	-7.39200e+00	,	-1.29720e+01	,	1.22000e-04	,	0.00000000e+00	,	1
3	,	6	,	2.72636e-01	,	-3.69600e+00	,	-6.48600e+00	,	1.34000e-04	,	0.00000000e+00	,	1
6	,	6	,	0.00000e+00	,	-7.39200e+00	,	-1.29720e+01	,	1.23000e-04	,	0.00000000e+00	,	1
1	,	7	,	2.72636e-01	,	-3.69600e+00	,	-6.48600e+00	,	-1.84000e-04	,	0.00000000e+00	,	1
2	,	7	,	2.72636e-01	,	-3.69600e+00	,	-6.48600e+00	,	-1.05000e-04	,	0.00000000e+00	,	1
4	,	7	,	2.72636e-01	,	-3.69600e+00	,	-6.48600e+00	,	1.00000e-04	,	0.00000000e+00	,	1
5	,	7	,	2.72636e-01	,	-3.69600e+00	,	-6.48600e+00	,	-2.19000e-04	,	0.00000000e+00	,	1
2	,	8	,	2.72636e-01	,	-3.69600e+00	,	-6.48600e+00	,	-2.63000e-04	,	0.00000000e+00	,	1
3	,	8	,	2.72636e-01	,	-3.69600e+00	,	-6.48600e+00	,	-1.07000e-04	,	0.00000000e+00	,	1
6	,	8	,	0.00000e+00	,	-7.39200e+00	,	-1.29720e+01	,	-1.94000e-04	,	0.00000000e+00	,	1
7	,	8	,	0.00000e+00	,	-7.39200e+00	,	-1.29720e+01	,	2.14000e-04	,	0.00000000e+00	,	1
2	,	9	,	2.72636e-01	,	-3.69600e+00	,	-6.48600e+00	,	-1.20000e-04	,	0.00000000e+00	,	1
6	,	9	,	0.00000e+00	,	-7.39200e+00	,	-1.29720e+01	,	-1.09000e-04	,	0.00000000e+00	,	1
7	,	9	,	0.00000e+00	,	-7.39200e+00	,	-1.29720e+01	,	1.59000e-04	,	0.00000000e+00	,	1
2	,	10	,	2.72636e-01	,	-3.69600e+00	,	-6.48600e+00	,	1.12000e-04	,	0.00000000e+00	,	1
10	,	10	,	0.00000e+00	,	-7.39200e+00	,	-1.29720e+01	,	1.22000e-04	,	0.00000000e+00	,	1
11	,	11	,	0.00000e+00	,	-7.39200e+00	,	-1.29720e+01	,	1.23000e-04	,	0.00000000e+00	,	1
11	,	12	,	0.00000e+00	,	-7.39200e+00	,	-1.29720e+01	,	-1.53000e-04	,	0.00000000e+00	,	1
11	,	15	,	0.00000e+00	,	-7.39200e+00	,	-1.29720e+01	,	1.43000e-04	,	0.00000000e+00	,	1
13	,	15	,	0.00000e+00	,	-7.39200e+00	,	-1.29720e+01	,	-3.63000e-04	,	0.00000000e+00	,	1
14	,	15	,	0.00000e+00	,	-7.39200e+00	,	-1.29720e+01	,	-2.60000e-04	,	0.00000000e+00	,	1
15	,	15	,	0.00000e+00	,	-7.39200e+00	,	-1.29720e+01	,	1.22000e-04	,	0.00000000e+00	,	1
2	,	16	,	4.86850e+00	,	-7.39200e+00	,	-8.48369e+00	,	-1.29000e-04	,	0.00000000e+00	,	1
4	,	16	,	4.86850e+00	,	-7.39200e+00	,	-8.48369e+00	,	1.05000e-04	,	0.00000000e+00	,	1
16	,	16	,	0.00000e+00	,	-7.39200e+00	,	-1.29720e+01	,	1.23000e-04	,	0.00000000e+00	,	1
4	,	17	,	4.86850e+00	,	-7.39200e+00	,	-8.48369e+00	,	1.03000e-04	,	0.00000000e+00	,	1
16	,	17	,	0.00000e+00	,	-7.39200e+00	,	-1.29720e+01	,	1.54000e-04	,	0.00000000e+00	,	1
5	,	19	,	4.86850e+00	,	-7.39200e+00	,	-8.48369e+00	,	-1.59000e-04	,	0.00000000e+00	,	1
16	,	20	,	0.00000e+00	,	-7.39200e+00	,	-1.29720e+01	,	1.42000e-04	,	0.00000000e+00	,	1
18	,	20	,	0.00000e+00	,	-7.39200e+00	,	-1.29720e+01	,	3.64000e-04	,	0.00000000e+00	,	1
19	,	20	,	0.00000e+00	,	-7.39200e+00	,	-1.29720e+01	,	-2.59000e-04	,	0.00000000e+00	,	1
20	,	20	,	0.00000e+00	,	-7.39200e+00	,	-1.29720e+01	,	1.22000e-04	,	0.00000000e+00	,	1
1	,	1	,	0.00000e+00	,	-7.39200e+00	,	0.00000e+00	,	-5.09200e-03	,	0.00000000e+00	,	1
1	,	2	,	0.00000e+00	,	-7.39200e+00	,	0.00000e+00	,	4.28700e-03	,	0.00000000e+00	,	1
2	,	2	,	0.00000e+00	,	-7.39200e+00	,	0.00000e+00	,	2.93300e-02	,	0.00000000e+00	,	1
1	,	3	,	0.00000e+00	,	-7.39200e+00	,	0.00000e+00	,	2.36200e-03	,	0.00000000e+00	,	1
2	,	3	,	0.00000e+00	,	-7.39200e+00	,	0.00000e+00	,	1.61060e-02	,	0.00000000e+00	,	1
3	,	3	,	0.00000e+00	,	-7.39200e+00	,	0.00000e+00	,	2.07650e-02	,	0.00000000e+00	,	1
1	,	4	,	0.00000e+00	,	-7.39200e+00	,	0.00000e+00	,	1.46900e-03	,	0.00000000e+00	,	1
2	,	4	,	0.00000e+00	,	-7.39200e+00	,	0.00000e+00	,	6.90000e-03	,	0.00000000e+00	,	1
3	,	4	,	0.00000e+00	,	-7.39200e+00	,	0.00000e+00	,	-1.75800e-03	,	0.00000000e+00	,	1
4	,	4	,	0.00000e+00	,	-7.39200e+00	,	0.00000e+00	,	-5.29600e-03	,	0.00000000e+00	,	1
1	,	5	,	0.00000e+00	,	-7.39200e+00	,	0.00000e+00	,	2.80900e-03	,	0.00000000e+00	,	1
2	,	5	,	0.00000e+00	,	-7.39200e+00	,	0.00000e+00	,	1.51310e-02	,	0.00000000e+00	,	1
3	,	5	,	0.00000e+00	,	-7.39200e+00	,	0.00000e+00	,	1.38840e-02	,	0.00000000e+00	,	1
4	,	5	,	0.00000e+00	,	-7.39200e+00	,	0.00000e+00	,	-1.11800e-03	,	0.00000000e+00	,	1
5	,	5	,	0.00000e+00	,	-7.39200e+00	,	0.00000e+00	,	-1.02910e-02	,	0.00000000e+00	,	1
2	,	6	,	2.72636e-01	,	-3.69600e+00	,	6.48600e+00	,	-1.85000e-04	,	0.00000000e+00	,	1
6	,	6	,	0.00000e+00	,	-7.39200e+00	,	0.00000e+00	,	-5.09200e-03	,	0.00000000e+00	,	1
2	,	7	,	2.72636e-01	,	-3.69600e+00	,	6.48600e+00	,	-1.04000e-04	,	0.00000000e+00	,	1
3	,	7	,	2.72636e-01	,	-3.69600e+00	,	6.48600e+00	,	-2.63000e-04	,	0.00000000e+00	,	1
4	,	7	,	2.72636e-01	,	-3.69600e+00	,	6.48600e+00	,	-1.19000e-04	,	0.00000000e+00	,	1
5	,	7	,	2.72636e-01	,	-3.69600e+00	,	6.48600e+00	,	1.11000e-04	,	0.00000000e+00	,	1
6	,	7	,	0.00000e+00	,	-7.39200e+00	,	0.00000e+00	,	-4.28600e-03	,	0.00000000e+00	,	1
7	,	7	,	0.00000e+00	,	-7.39200e+00	,	0.00000e+00	,	2.93300e-02	,	0.00000000e+00	,	1
1	,	8	,	2.72636e-01	,	-3.69600e+00	,	6.48600e+00	,	1.35000e-04	,	0.00000000e+00	,	1
3	,	8	,	2.72636e-01	,	-3.69600e+00	,	6.48600e+00	,	-1.08000e-04	,	0.00000000e+00	,	1
6	,	8	,	0.00000e+00	,	-7.39200e+00	,	0.00000e+00	,	-2.36100e-03	,	0.00000000e+00	,	1
7	,	8	,	0.00000e+00	,	-7.39200e+00	,	0.00000e+00	,	1.61050e-02	,	0.00000000e+00	,	1
8	,	8	,	0.00000e+00	,	-7.39200e+00	,	0.00000e+00	,	2.07650e-02	,	0.00000000e+00	,	1
2	,	9	,	2.72636e-01	,	-3.69600e+00	,	6.48600e+00	,	1.01000e-04	,	0.00000000e+00	,	1
6	,	9	,	0.00000e+00	,	-7.39200e+00	,	0.00000e+00	,	1.46800e-03	,	0.00000000e+00	,	1
7	,	9	,	0.00000e+00	,	-7.39200e+00	,	0.00000e+00	,	-6.90100e-03	,	0.00000000e+00	,	1
8	,	9	,	0.00000e+00	,	-7.39200e+00	,	0.00000e+00	,	1.75800e-03	,	0.00000000e+00	,	1
9	,	9	,	0.00000e+00	,	-7.39200e+00	,	0.00000e+00	,	-5.29600e-03	,	0.00000000e+00	,	1
2	,	10	,	2.72636e-01	,	-3.69600e+00	,	6.48600e+00	,	-2.19000e-04	,	0.00000000e+00	,	1
6	,	10	,	0.00000e+00	,	-7.39200e+00	,	0.00000e+00	,	2.80900e-03	,	0.00000000e+00	,	1
7	,	10	,	0.00000e+00	,	-7.39200e+00	,	0.00000e+00	,	-1.51310e-02	,	0.00000000e+00	,	1
8	,	10	,	0.00000e+00	,	-7.39200e+00	,	0.00000e+00	,	-1.38840e-02	,	0.00000000e+00	,	1
9	,	10	,	0.00000e+00	,	-7.39200e+00	,	0.00000e+00	,	-1.11700e-03	,	0.00000000e+00	,	1
10	,	10	,	0.00000e+00	,	-7.39200e+00	,	0.00000e+00	,	-1.02920e-02	,	0.00000000e+00	,	1
1	,	11	,	5.14114e+00	,	-3.69600e+00	,	1.09743e+01	,	2.98000e-04	,	0.00000000e+00	,	1
2	,	11	,	5.14114e+00	,	-3.69600e+00	,	1.09743e+01	,	1.85500e-03	,	0.00000000e+00	,	1
3	,	11	,	5.14114e+00	,	-3.69600e+00	,	1.09743e+01	,	5.67600e-03	,	0.00000000e+00	,	1
4	,	11	,	5.14114e+00	,	-3.69600e+00	,	1.09743e+01	,	-9.82000e-04	,	0.00000000e+00	,	1
5	,	11	,	5.14114e+00	,	-3.69600e+00	,	1.09743e+01	,	5.57000e-04	,	0.00000000e+00	,	1
6	,	11	,	4.86850e+00	,	-7.39200e+00	,	4.48831e+00	,	2.93000e-04	,	0.00000000e+00	,	1
9	,	11	,	4.86850e+00	,	-7.39200e+00	,	4.48831e+00	,	-2.17000e-04	,	0.00000000e+00	,	1
10	,	11	,	4.86850e+00	,	-7.39200e+00	,	4.48831e+00	,	4.85000e-04	,	0.00000000e+00	,	1
11	,	11	,	0.00000e+00	,	-7.39200e+00	,	0.00000e+00	,	-5.09200e-03	,	0.00000000e+00	,	1
1	,	12	,	5.14114e+00	,	-3.69600e+00	,	1.09743e+01	,	-1.85500e-03	,	0.00000000e+00	,	1
2	,	12	,	5.14114e+00	,	-3.69600e+00	,	1.09743e+01	,	-1.70000e-04	,	0.00000000e+00	,	1
3	,	12	,	5.14114e+00	,	-3.69600e+00	,	1.09743e+01	,	-3.97800e-03	,	0.00000000e+00	,	1
4	,	12	,	5.14114e+00	,	-3.69600e+00	,	1.09743e+01	,	-1.23000e-04	,	0.00000000e+00	,	1
5	,	12	,	5.14114e+00	,	-3.69600e+00	,	1.09743e+01	,	-3.49300e-03	,	0.00000000e+00	,	1
7	,	12	,	4.86850e+00	,	-7.39200e+00	,	4.48831e+00	,	3.03000e-04	,	0.00000000e+00	,	1
11	,	12	,	0.00000e+00	,	-7.39200e+00	,	0.00000e+00	,	4.28600e-03	,	0.00000000e+00	,	1
12	,	12	,	0.00000e+00	,	-7.39200e+00	,	0.00000e+00	,	2.93300e-02	,	0.00000000e+00	,	1
1	,	13	,	5.14114e+00	,	-3.69600e+00	,	1.09743e+01	,	-5.67600e-03	,	0.00000000e+00	,	1
2	,	13	,	5.14114e+00	,	-3.69600e+00	,	1.09743e+01	,	-3.97800e-03	,	0.00000000e+00	,	1
3	,	13	,	5.14114e+00	,	-3.69600e+00	,	1.09743e+01	,	-3.43300e-03	,	0.00000000e+00	,	1
4	,	13	,	5.14114e+00	,	-3.69600e+00	,	1.09743e+01	,	-2.06000e-04	,	0.00000000e+00	,	1
5	,	13	,	5.14114e+00	,	-3.69600e+00	,	1.09743e+01	,	7.43000e-04	,	0.00000000e+00	,	1
11	,	13	,	0.00000e+00	,	-7.39200e+00	,	0.00000e+00	,	2.36300e-03	,	0.00000000e+00	,	1
12	,	13	,	0.00000e+00	,	-7.39200e+00	,	0.00000e+00	,	1.61060e-02	,	0.00000000e+00	,	1
13	,	13	,	0.00000e+00	,	-7.39200e+00	,	0.00000e+00	,	2.07650e-02	,	0.00000000e+00	,	1
1	,	14	,	5.14114e+00	,	-3.69600e+00	,	1.09743e+01	,	-9.82000e-04	,	0.00000000e+00	,	1
2	,	14	,	5.14114e+00	,	-3.69600e+00	,	1.09743e+01	,	1.23000e-04	,	0.00000000e+00	,	1
3	,	14	,	5.14114e+00	,	-3.69600e+00	,	1.09743e+01	,	2.06000e-04	,	0.00000000e+00	,	1
4	,	14	,	5.14114e+00	,	-3.69600e+00	,	1.09743e+01	,	-4.29000e-03	,	0.00000000e+00	,	1
5	,	14	,	5.14114e+00	,	-3.69600e+00	,	1.09743e+01	,	2.06700e-03	,	0.00000000e+00	,	1
6	,	14	,	4.86850e+00	,	-7.39200e+00	,	4.48831e+00	,	-8.25000e-04	,	0.00000000e+00	,	1
10	,	14	,	4.86850e+00	,	-7.39200e+00	,	4.48831e+00	,	-1.69800e-03	,	0.00000000e+00	,	1
11	,	14	,	0.00000e+00	,	-7.39200e+00	,	0.00000e+00	,	1.46800e-03	,	0.00000000e+00	,	1
12	,	14	,	0.00000e+00	,	-7.39200e+00	,	0.00000e+00	,	6.90000e-03	,	0.00000000e+00	,	1
13	,	14	,	0.00000e+00	,	-7.39200e+00	,	0.00000e+00	,	-1.75800e-03	,	0.00000000e+00	,	1
14	,	14	,	0.00000e+00	,	-7.39200e+00	,	0.00000e+00	,	-5.29600e-03	,	0.00000000e+00	,	1
1	,	15	,	5.14114e+00	,	-3.69600e+00	,	1.09743e+01	,	5.57000e-04	,	0.00000000e+00	,	1
2	,	15	,	5.14114e+00	,	-3.69600e+00	,	1.09743e+01	,	3.49300e-03	,	0.00000000e+00	,	1
3	,	15	,	5.14114e+00	,	-3.69600e+00	,	1.09743e+01	,	-7.43000e-04	,	0.00000000e+00	,	1
4	,	15	,	5.14114e+00	,	-3.69600e+00	,	1.09743e+01	,	2.06700e-03	,	0.00000000e+00	,	1
5	,	15	,	5.14114e+00	,	-3.69600e+00	,	1.09743e+01	,	6.46400e-03	,	0.00000000e+00	,	1
6	,	15	,	4.86850e+00	,	-7.39200e+00	,	4.48831e+00	,	-4.11800e-03	,	0.00000000e+00	,	1
9	,	15	,	4.86850e+00	,	-7.39200e+00	,	4.48831e+00	,	7.56500e-03	,	0.00000000e+00	,	1
10	,	15	,	4.86850e+00	,	-7.39200e+00	,	4.48831e+00	,	-2.42300e-03	,	0.00000000e+00	,	1
11	,	15	,	0.00000e+00	,	-7.39200e+00	,	0.00000e+00	,	2.80800e-03	,	0.00000000e+00	,	1
12	,	15	,	0.00000e+00	,	-7.39200e+00	,	0.00000e+00	,	1.51310e-02	,	0.00000000e+00	,	1
13	,	15	,	0.00000e+00	,	-7.39200e+00	,	0.00000e+00	,	1.38850e-02	,	0.00000000e+00	,	1
14	,	15	,	0.00000e+00	,	-7.39200e+00	,	0.00000e+00	,	-1.11800e-03	,	0.00000000e+00	,	1
15	,	15	,	0.00000e+00	,	-7.39200e+00	,	0.00000e+00	,	-1.02910e-02	,	0.00000000e+00	,	1
1	,	16	,	4.86850e+00	,	-7.39200e+00	,	4.48831e+00	,	2.78200e-03	,	0.00000000e+00	,	1
2	,	16	,	4.86850e+00	,	-7.39200e+00	,	4.48831e+00	,	-1.71300e-03	,	0.00000000e+00	,	1
3	,	16	,	4.86850e+00	,	-7.39200e+00	,	4.48831e+00	,	-2.18000e-03	,	0.00000000e+00	,	1
4	,	16	,	4.86850e+00	,	-7.39200e+00	,	4.48831e+00	,	-5.29000e-04	,	0.00000000e+00	,	1
5	,	16	,	4.86850e+00	,	-7.39200e+00	,	4.48831e+00	,	9.15000e-04	,	0.00000000e+00	,	1
6	,	16	,	4.59586e+00	,	-1.10880e+01	,	-1.99769e+00	,	3.00000e-04	,	0.00000000e+00	,	1
7	,	16	,	4.59586e+00	,	-1.10880e+01	,	-1.99769e+00	,	-1.85500e-03	,	0.00000000e+00	,	1
8	,	16	,	4.59586e+00	,	-1.10880e+01	,	-1.99769e+00	,	-5.67500e-03	,	0.00000000e+00	,	1
9	,	16	,	4.59586e+00	,	-1.10880e+01	,	-1.99769e+00	,	-9.83000e-04	,	0.00000000e+00	,	1
10	,	16	,	4.59586e+00	,	-1.10880e+01	,	-1.99769e+00	,	5.56000e-04	,	0.00000000e+00	,	1
16	,	16	,	0.00000e+00	,	-7.39200e+00	,	0.00000e+00	,	-5.09200e-03	,	0.00000000e+00	,	1
1	,	17	,	4.86850e+00	,	-7.39200e+00	,	4.48831e+00	,	-9.23000e-04	,	0.00000000e+00	,	1
2	,	17	,	4.86850e+00	,	-7.39200e+00	,	4.48831e+00	,	5.23000e-04	,	0.00000000e+00	,	1
3	,	17	,	4.86850e+00	,	-7.39200e+00	,	4.48831e+00	,	2.65000e-04	,	0.00000000e+00	,	1
4	,	17	,	4.86850e+00	,	-7.39200e+00	,	4.48831e+00	,	-2.44000e-04	,	0.00000000e+00	,	1
6	,	17	,	4.59586e+00	,	-1.10880e+01	,	-1.99769e+00	,	1.85500e-03	,	0.00000000e+00	,	1
7	,	17	,	4.59586e+00	,	-1.10880e+01	,	-1.99769e+00	,	-1.70000e-04	,	0.00000000e+00	,	1
8	,	17	,	4.59586e+00	,	-1.10880e+01	,	-1.99769e+00	,	-3.97800e-03	,	0.00000000e+00	,	1
9	,	17	,	4.59586e+00	,	-1.10880e+01	,	-1.99769e+00	,	1.23000e-04	,	0.00000000e+00	,	1
10	,	17	,	4.59586e+00	,	-1.10880e+01	,	-1.99769e+00	,	3.49400e-03	,	0.00000000e+00	,	1
16	,	17	,	0.00000e+00	,	-7.39200e+00	,	0.00000e+00	,	-4.28600e-03	,	0.00000000e+00	,	1
17	,	17	,	0.00000e+00	,	-7.39200e+00	,	0.00000e+00	,	2.93300e-02	,	0.00000000e+00	,	1
1	,	18	,	4.86850e+00	,	-7.39200e+00	,	4.48831e+00	,	4.67500e-03	,	0.00000000e+00	,	1
2	,	18	,	4.86850e+00	,	-7.39200e+00	,	4.48831e+00	,	-2.31400e-03	,	0.00000000e+00	,	1
3	,	18	,	4.86850e+00	,	-7.39200e+00	,	4.48831e+00	,	-1.96600e-03	,	0.00000000e+00	,	1
5	,	18	,	4.86850e+00	,	-7.39200e+00	,	4.48831e+00	,	5.37000e-04	,	0.00000000e+00	,	1
6	,	18	,	4.59586e+00	,	-1.10880e+01	,	-1.99769e+00	,	5.67500e-03	,	0.00000000e+00	,	1
7	,	18	,	4.59586e+00	,	-1.10880e+01	,	-1.99769e+00	,	-3.97800e-03	,	0.00000000e+00	,	1
8	,	18	,	4.59586e+00	,	-1.10880e+01	,	-1.99769e+00	,	-3.43300e-03	,	0.00000000e+00	,	1
9	,	18	,	4.59586e+00	,	-1.10880e+01	,	-1.99769e+00	,	2.06000e-04	,	0.00000000e+00	,	1
10	,	18	,	4.59586e+00	,	-1.10880e+01	,	-1.99769e+00	,	-7.42000e-04	,	0.00000000e+00	,	1
16	,	18	,	0.00000e+00	,	-7.39200e+00	,	0.00000e+00	,	-2.36300e-03	,	0.00000000e+00	,	1
17	,	18	,	0.00000e+00	,	-7.39200e+00	,	0.00000e+00	,	1.61070e-02	,	0.00000000e+00	,	1
18	,	18	,	0.00000e+00	,	-7.39200e+00	,	0.00000e+00	,	2.07650e-02	,	0.00000000e+00	,	1
1	,	19	,	4.86850e+00	,	-7.39200e+00	,	4.48831e+00	,	1.50100e-03	,	0.00000000e+00	,	1
2	,	19	,	4.86850e+00	,	-7.39200e+00	,	4.48831e+00	,	-1.34500e-03	,	0.00000000e+00	,	1
3	,	19	,	4.86850e+00	,	-7.39200e+00	,	4.48831e+00	,	-1.30600e-03	,	0.00000000e+00	,	1
5	,	19	,	4.86850e+00	,	-7.39200e+00	,	4.48831e+00	,	5.42000e-04	,	0.00000000e+00	,	1
6	,	19	,	4.59586e+00	,	-1.10880e+01	,	-1.99769e+00	,	-9.83000e-04	,	0.00000000e+00	,	1
7	,	19	,	4.59586e+00	,	-1.10880e+01	,	-1.99769e+00	,	-1.23000e-04	,	0.00000000e+00	,	1
8	,	19	,	4.59586e+00	,	-1.10880e+01	,	-1.99769e+00	,	-2.06000e-04	,	0.00000000e+00	,	1
9	,	19	,	4.59586e+00	,	-1.10880e+01	,	-1.99769e+00	,	-4.29000e-03	,	0.00000000e+00	,	1
10	,	19	,	4.59586e+00	,	-1.10880e+01	,	-1.99769e+00	,	2.06700e-03	,	0.00000000e+00	,	1
16	,	19	,	0.00000e+00	,	-7.39200e+00	,	0.00000e+00	,	1.46800e-03	,	0.00000000e+00	,	1
17	,	19	,	0.00000e+00	,	-7.39200e+00	,	0.00000e+00	,	-6.90000e-03	,	0.00000000e+00	,	1
18	,	19	,	0.00000e+00	,	-7.39200e+00	,	0.00000e+00	,	1.75900e-03	,	0.00000000e+00	,	1
19	,	19	,	0.00000e+00	,	-7.39200e+00	,	0.00000e+00	,	-5.29600e-03	,	0.00000000e+00	,	1
1	,	20	,	4.86850e+00	,	-7.39200e+00	,	4.48831e+00	,	-2.58000e-03	,	0.00000000e+00	,	1
2	,	20	,	4.86850e+00	,	-7.39200e+00	,	4.48831e+00	,	2.27300e-03	,	0.00000000e+00	,	1
3	,	20	,	4.86850e+00	,	-7.39200e+00	,	4.48831e+00	,	2.04800e-03	,	0.00000000e+00	,	1
5	,	20	,	4.86850e+00	,	-7.39200e+00	,	4.48831e+00	,	-1.00100e-03	,	0.00000000e+00	,	1
6	,	20	,	4.59586e+00	,	-1.10880e+01	,	-1.99769e+00	,	5.56000e-04	,	0.00000000e+00	,	1
7	,	20	,	4.59586e+00	,	-1.10880e+01	,	-1.99769e+00	,	-3.49400e-03	,	0.00000000e+00	,	1
8	,	20	,	4.59586e+00	,	-1.10880e+01	,	-1.99769e+00	,	7.42000e-04	,	0.00000000e+00	,	1
9	,	20	,	4.59586e+00	,	-1.10880e+01	,	-1.99769e+00	,	2.06700e-03	,	0.00000000e+00	,	1
10	,	20	,	4.59586e+00	,	-1.10880e+01	,	-1.99769e+00	,	6.46200e-03	,	0.00000000e+00	,	1
16	,	20	,	0.00000e+00	,	-7.39200e+00	,	0.00000e+00	,	2.80900e-03	,	0.00000000e+00	,	1
17	,	20	,	0.00000e+00	,	-7.39200e+00	,	0.00000e+00	,	-1.51300e-02	,	0.00000000e+00	,	1
18	,	20	,	0.00000e+00	,	-7.39200e+00	,	0.00000e+00	,	-1.38840e-02	,	0.00000000e+00	,	1
19	,	20	,	0.00000e+00	,	-7.39200e+00	,	0.00000e+00	,	-1.11800e-03	,	0.00000000e+00	,	1
20	,	20	,	0.00000e+00	,	-7.39200e+00	,	0.00000e+00	,	-1.02920e-02	,	0.00000000e+00	,	1
1	,	1	,	0.00000e+00	,	-7.39200e+00	,	1.29720e+01	,	1.23000e-04	,	0.00000000e+00	,	1
1	,	2	,	0.00000e+00	,	-7.39200e+00	,	1.29720e+01	,	-1.54000e-04	,	0.00000000e+00	,	1
1	,	5	,	0.00000e+00	,	-7.39200e+00	,	1.29720e+01	,	1.42000e-04	,	0.00000000e+00	,	1
3	,	5	,	0.00000e+00	,	-7.39200e+00	,	1.29720e+01	,	-3.63000e-04	,	0.00000000e+00	,	1
4	,	5	,	0.00000e+00	,	-7.39200e+00	,	1.29720e+01	,	-2.60000e-04	,	0.00000000e+00	,	1
5	,	5	,	0.00000e+00	,	-7.39200e+00	,	1.29720e+01	,	1.22000e-04	,	0.00000000e+00	,	1
6	,	6	,	0.00000e+00	,	-7.39200e+00	,	1.29720e+01	,	1.23000e-04	,	0.00000000e+00	,	1
6	,	7	,	0.00000e+00	,	-7.39200e+00	,	1.29720e+01	,	1.54000e-04	,	0.00000000e+00	,	1
6	,	10	,	0.00000e+00	,	-7.39200e+00	,	1.29720e+01	,	1.42000e-04	,	0.00000000e+00	,	1
8	,	10	,	0.00000e+00	,	-7.39200e+00	,	1.29720e+01	,	3.63000e-04	,	0.00000000e+00	,	1
9	,	10	,	0.00000e+00	,	-7.39200e+00	,	1.29720e+01	,	-2.60000e-04	,	0.00000000e+00	,	1
10	,	10	,	0.00000e+00	,	-7.39200e+00	,	1.29720e+01	,	1.22000e-04	,	0.00000000e+00	,	1
6	,	11	,	4.86850e+00	,	-7.39200e+00	,	1.74603e+01	,	7.62100e-03	,	0.00000000e+00	,	1
9	,	11	,	4.86850e+00	,	-7.39200e+00	,	1.74603e+01	,	-2.26400e-03	,	0.00000000e+00	,	1
10	,	11	,	4.86850e+00	,	-7.39200e+00	,	1.74603e+01	,	2.50000e-04	,	0.00000000e+00	,	1
11	,	11	,	0.00000e+00	,	-7.39200e+00	,	1.29720e+01	,	1.23000e-04	,	0.00000000e+00	,	1
7	,	12	,	4.86850e+00	,	-7.39200e+00	,	1.74603e+01	,	-1.67000e-04	,	0.00000000e+00	,	1
8	,	12	,	4.86850e+00	,	-7.39200e+00	,	1.74603e+01	,	4.39000e-04	,	0.00000000e+00	,	1
3	,	13	,	5.14114e+00	,	-3.69600e+00	,	2.39463e+01	,	-2.66000e-04	,	0.00000000e+00	,	1
7	,	13	,	4.86850e+00	,	-7.39200e+00	,	1.74603e+01	,	-5.07000e-03	,	0.00000000e+00	,	1
8	,	13	,	4.86850e+00	,	-7.39200e+00	,	1.74603e+01	,	2.54900e-03	,	0.00000000e+00	,	1
11	,	13	,	0.00000e+00	,	-7.39200e+00	,	1.29720e+01	,	1.94000e-04	,	0.00000000e+00	,	1
12	,	13	,	0.00000e+00	,	-7.39200e+00	,	1.29720e+01	,	2.13000e-04	,	0.00000000e+00	,	1
6	,	14	,	4.86850e+00	,	-7.39200e+00	,	1.74603e+01	,	1.59270e-02	,	0.00000000e+00	,	1
9	,	14	,	4.86850e+00	,	-7.39200e+00	,	1.74603e+01	,	-5.41000e-03	,	0.00000000e+00	,	1
10	,	14	,	4.86850e+00	,	-7.39200e+00	,	1.74603e+01	,	-4.49400e-03	,	0.00000000e+00	,	1
11	,	14	,	0.00000e+00	,	-7.39200e+00	,	1.29720e+01	,	-1.09000e-04	,	0.00000000e+00	,	1
12	,	14	,	0.00000e+00	,	-7.39200e+00	,	1.29720e+01	,	-1.58000e-04	,	0.00000000e+00	,	1
6	,	15	,	4.86850e+00	,	-7.39200e+00	,	1.74603e+01	,	-2.35000e-02	,	0.00000000e+00	,	1
9	,	15	,	4.86850e+00	,	-7.39200e+00	,	1.74603e+01	,	2.54500e-03	,	0.00000000e+00	,	1
10	,	15	,	4.86850e+00	,	-7.39200e+00	,	1.74603e+01	,	7.94300e-03	,	0.00000000e+00	,	1
15	,	15	,	0.00000e+00	,	-7.39200e+00	,	1.29720e+01	,	1.22000e-04	,	0.00000000e+00	,	1
16	,	16	,	0.00000e+00	,	-7.39200e+00	,	1.29720e+01	,	1.23000e-04	,	0.00000000e+00	,	1
8	,	18	,	4.59586e+00	,	-1.10880e+01	,	1.09743e+01	,	-2.66000e-04	,	0.00000000e+00	,	1
16	,	18	,	0.00000e+00	,	-7.39200e+00	,	1.29720e+01	,	-1.95000e-04	,	0.00000000e+00	,	1
17	,	18	,	0.00000e+00	,	-7.39200e+00	,	1.29720e+01	,	2.12000e-04	,	0.00000000e+00	,	1
16	,	19	,	0.00000e+00	,	-7.39200e+00	,	1.29720e+01	,	-1.08000e-04	,	0.00000000e+00	,	1
17	,	19	,	0.00000e+00	,	-7.39200e+00	,	1.29720e+01	,	1.58000e-04	,	0.00000000e+00	,	1
20	,	20	,	0.00000e+00	,	-7.39200e+00	,	1.29720e+01	,	1.22000e-04	,	0.00000000e+00	,	1
1	,	1	,	0.00000e+00	,	0.00000e+00	,	-1.29720e+01	,	6.20000e-04	,	0.00000000e+00	,	1
2	,	2	,	0.00000e+00	,	0.00000e+00	,	-1.29720e+01	,	-1.62000e-04	,	0.00000000e+00	,	1
1	,	5	,	0.00000e+00	,	0.00000e+00	,	-1.29720e+01	,	-1.49000e-04	,	0.00000000e+00	,	1
4	,	5	,	0.00000e+00	,	0.00000e+00	,	-1.29720e+01	,	3.22000e-04	,	0.00000000e+00	,	1
1	,	6	,	2.72636e-01	,	3.69600e+00	,	-6.48600e+00	,	4.39600e-03	,	0.00000000e+00	,	1
2	,	6	,	2.72636e-01	,	3.69600e+00	,	-6.48600e+00	,	6.21100e-03	,	0.00000000e+00	,	1
3	,	6	,	2.72636e-01	,	3.69600e+00	,	-6.48600e+00	,	-2.14800e-03	,	0.00000000e+00	,	1
4	,	6	,	2.72636e-01	,	3.69600e+00	,	-6.48600e+00	,	-1.05100e-03	,	0.00000000e+00	,	1
5	,	6	,	2.72636e-01	,	3.69600e+00	,	-6.48600e+00	,	1.25730e-02	,	0.00000000e+00	,	1
6	,	6	,	0.00000e+00	,	0.00000e+00	,	-1.29720e+01	,	6.20000e-04	,	0.00000000e+00	,	1
1	,	7	,	2.72636e-01	,	3.69600e+00	,	-6.48600e+00	,	-2.06000e-03	,	0.00000000e+00	,	1
2	,	7	,	2.72636e-01	,	3.69600e+00	,	-6.48600e+00	,	2.09100e-03	,	0.00000000e+00	,	1
3	,	7	,	2.72636e-01	,	3.69600e+00	,	-6.48600e+00	,	3.59000e-04	,	0.00000000e+00	,	1
4	,	7	,	2.72636e-01	,	3.69600e+00	,	-6.48600e+00	,	9.98000e-04	,	0.00000000e+00	,	1
5	,	7	,	2.72636e-01	,	3.69600e+00	,	-6.48600e+00	,	-5.67800e-03	,	0.00000000e+00	,	1
7	,	7	,	0.00000e+00	,	0.00000e+00	,	-1.29720e+01	,	-1.63000e-04	,	0.00000000e+00	,	1
1	,	8	,	2.72636e-01	,	3.69600e+00	,	-6.48600e+00	,	-1.07660e-02	,	0.00000000e+00	,	1
2	,	8	,	2.72636e-01	,	3.69600e+00	,	-6.48600e+00	,	-8.39100e-03	,	0.00000000e+00	,	1
3	,	8	,	2.72636e-01	,	3.69600e+00	,	-6.48600e+00	,	2.06700e-03	,	0.00000000e+00	,	1
4	,	8	,	2.72636e-01	,	3.69600e+00	,	-6.48600e+00	,	4.41300e-03	,	0.00000000e+00	,	1
5	,	8	,	2.72636e-01	,	3.69600e+00	,	-6.48600e+00	,	-2.07590e-02	,	0.00000000e+00	,	1
1	,	9	,	2.72636e-01	,	3.69600e+00	,	-6.48600e+00	,	-5.31900e-03	,	0.00000000e+00	,	1
2	,	9	,	2.72636e-01	,	3.69600e+00	,	-6.48600e+00	,	-8.47200e-03	,	0.00000000e+00	,	1
3	,	9	,	2.72636e-01	,	3.69600e+00	,	-6.48600e+00	,	1.43600e-03	,	0.00000000e+00	,	1
4	,	9	,	2.72636e-01	,	3.69600e+00	,	-6.48600e+00	,	1.66500e-03	,	0.00000000e+00	,	1
5	,	9	,	2.72636e-01	,	3.69600e+00	,	-6.48600e+00	,	-9.99600e-03	,	0.00000000e+00	,	1
1	,	10	,	2.72636e-01	,	3.69600e+00	,	-6.48600e+00	,	3.60300e-03	,	0.00000000e+00	,	1
2	,	10	,	2.72636e-01	,	3.69600e+00	,	-6.48600e+00	,	2.20800e-03	,	0.00000000e+00	,	1
3	,	10	,	2.72636e-01	,	3.69600e+00	,	-6.48600e+00	,	-7.42000e-04	,	0.00000000e+00	,	1
4	,	10	,	2.72636e-01	,	3.69600e+00	,	-6.48600e+00	,	-9.98000e-04	,	0.00000000e+00	,	1
5	,	10	,	2.72636e-01	,	3.69600e+00	,	-6.48600e+00	,	7.40500e-03	,	0.00000000e+00	,	1
6	,	10	,	0.00000e+00	,	0.00000e+00	,	-1.29720e+01	,	-1.49000e-04	,	0.00000000e+00	,	1
9	,	10	,	0.00000e+00	,	0.00000e+00	,	-1.29720e+01	,	3.22000e-04	,	0.00000000e+00	,	1
11	,	11	,	0.00000e+00	,	0.00000e+00	,	-1.29720e+01	,	6.20000e-04	,	0.00000000e+00	,	1
12	,	12	,	0.00000e+00	,	0.00000e+00	,	-1.29720e+01	,	-1.62000e-04	,	0.00000000e+00	,	1
11	,	14	,	0.00000e+00	,	0.00000e+00	,	-1.29720e+01	,	-1.14900e-03	,	0.00000000e+00	,	1
11	,	15	,	0.00000e+00	,	0.00000e+00	,	-1.29720e+01	,	3.00000e-04	,	0.00000000e+00	,	1
14	,	15	,	0.00000e+00	,	0.00000e+00	,	-1.29720e+01	,	-1.20000e-04	,	0.00000000e+00	,	1
1	,	16	,	4.86850e+00	,	0.00000e+00	,	-8.48369e+00	,	2.94000e-04	,	0.00000000e+00	,	1
4	,	16	,	4.86850e+00	,	0.00000e+00	,	-8.48369e+00	,	-2.17000e-04	,	0.00000000e+00	,	1
5	,	16	,	4.86850e+00	,	0.00000e+00	,	-8.48369e+00	,	4.84000e-04	,	0.00000000e+00	,	1
11	,	16	,	-2.72636e-01	,	-3.69600e+00	,	-1.94580e+01	,	-1.65000e-04	,	0.00000000e+00	,	1
13	,	16	,	-2.72636e-01	,	-3.69600e+00	,	-1.94580e+01	,	-3.19000e-04	,	0.00000000e+00	,	1
14	,	16	,	-2.72636e-01	,	-3.69600e+00	,	-1.94580e+01	,	-5.62000e-04	,	0.00000000e+00	,	1
15	,	16	,	-2.72636e-01	,	-3.69600e+00	,	-1.94580e+01	,	2.86000e-04	,	0.00000000e+00	,	1
16	,	16	,	0.00000e+00	,	0.00000e+00	,	-1.29720e+01	,	6.20000e-04	,	0.00000000e+00	,	1
2	,	17	,	4.86850e+00	,	0.00000e+00	,	-8.48369e+00	,	3.02000e-04	,	0.00000000e+00	,	1
11	,	17	,	-2.72636e-01	,	-3.69600e+00	,	-1.94580e+01	,	-1.73000e-04	,	0.00000000e+00	,	1
14	,	17	,	-2.72636e-01	,	-3.69600e+00	,	-1.94580e+01	,	-2.91000e-04	,	0.00000000e+00	,	1
17	,	17	,	0.00000e+00	,	0.00000e+00	,	-1.29720e+01	,	-1.63000e-04	,	0.00000000e+00	,	1
13	,	18	,	-2.72636e-01	,	-3.69600e+00	,	-1.94580e+01	,	-1.23000e-04	,	0.00000000e+00	,	1
14	,	18	,	-2.72636e-01	,	-3.69600e+00	,	-1.94580e+01	,	-2.24000e-04	,	0.00000000e+00	,	1
15	,	18	,	-2.72636e-01	,	-3.69600e+00	,	-1.94580e+01	,	2.59000e-04	,	0.00000000e+00	,	1
1	,	19	,	4.86850e+00	,	0.00000e+00	,	-8.48369e+00	,	-8.24000e-04	,	0.00000000e+00	,	1
5	,	19	,	4.86850e+00	,	0.00000e+00	,	-8.48369e+00	,	-1.69900e-03	,	0.00000000e+00	,	1
11	,	19	,	-2.72636e-01	,	-3.69600e+00	,	-1.94580e+01	,	1.55000e-04	,	0.00000000e+00	,	1
13	,	19	,	-2.72636e-01	,	-3.69600e+00	,	-1.94580e+01	,	-4.26000e-04	,	0.00000000e+00	,	1
14	,	19	,	-2.72636e-01	,	-3.69600e+00	,	-1.94580e+01	,	-2.39000e-04	,	0.00000000e+00	,	1
15	,	19	,	-2.72636e-01	,	-3.69600e+00	,	-1.94580e+01	,	4.33000e-04	,	0.00000000e+00	,	1
16	,	19	,	0.00000e+00	,	0.00000e+00	,	-1.29720e+01	,	-1.14900e-03	,	0.00000000e+00	,	1
1	,	20	,	4.86850e+00	,	0.00000e+00	,	-8.48369e+00	,	-4.11800e-03	,	0.00000000e+00	,	1
4	,	20	,	4.86850e+00	,	0.00000e+00	,	-8.48369e+00	,	7.56500e-03	,	0.00000000e+00	,	1
5	,	20	,	4.86850e+00	,	0.00000e+00	,	-8.48369e+00	,	-2.42300e-03	,	0.00000000e+00	,	1
11	,	20	,	-2.72636e-01	,	-3.69600e+00	,	-1.94580e+01	,	-4.11000e-04	,	0.00000000e+00	,	1
13	,	20	,	-2.72636e-01	,	-3.69600e+00	,	-1.94580e+01	,	-4.33000e-04	,	0.00000000e+00	,	1
14	,	20	,	-2.72636e-01	,	-3.69600e+00	,	-1.94580e+01	,	-8.70000e-04	,	0.00000000e+00	,	1
15	,	20	,	-2.72636e-01	,	-3.69600e+00	,	-1.94580e+01	,	4.75000e-04	,	0.00000000e+00	,	1
16	,	20	,	0.00000e+00	,	0.00000e+00	,	-1.29720e+01	,	3.01000e-04	,	0.00000000e+00	,	1
19	,	20	,	0.00000e+00	,	0.00000e+00	,	-1.29720e+01	,	-1.19000e-04	,	0.00000000e+00	,	1
1	,	1	,	0.00000e+00	,	0.00000e+00	,	0.00000e+00	,	-1.56973e-01	,	0.00000000e+00	,	1
2	,	2	,	0.00000e+00	,	0.00000e+00	,	0.00000e+00	,	-2.08497e-01	,	0.00000000e+00	,	1
2	,	3	,	0.00000e+00	,	0.00000e+00	,	0.00000e+00	,	2.35559e-01	,	0.00000000e+00	,	1
3	,	3	,	0.00000e+00	,	0.00000e+00	,	0.00000e+00	,	-2.79621e-01	,	0.00000000e+00	,	1
1	,	4	,	0.00000e+00	,	0.00000e+00	,	0.00000e+00	,	5.02010e-02	,	0.00000000e+00	,	1
4	,	4	,	0.00000e+00	,	0.00000e+00	,	0.00000e+00	,	-4.15780e-02	,	0.00000000e+00	,	1
1	,	5	,	0.00000e+00	,	0.00000e+00	,	0.00000e+00	,	2.08498e-01	,	0.00000000e+00	,	1
4	,	5	,	0.00000e+00	,	0.00000e+00	,	0.00000e+00	,	-7.30350e-02	,	0.00000000e+00	,	1
5	,	5	,	0.00000e+00	,	0.00000e+00	,	0.00000e+00	,	-3.05201e-01	,	0.00000000e+00	,	1
1	,	6	,	2.72636e-01	,	3.69600e+00	,	6.48600e+00	,	4.39600e-03	,	0.00000000e+00	,	1
2	,	6	,	2.72636e-01	,	3.69600e+00	,	6.48600e+00	,	-2.06000e-03	,	0.00000000e+00	,	1
3	,	6	,	2.72636e-01	,	3.69600e+00	,	6.48600e+00	,	-1.07650e-02	,	0.00000000e+00	,	1
4	,	6	,	2.72636e-01	,	3.69600e+00	,	6.48600e+00	,	-5.31900e-03	,	0.00000000e+00	,	1
5	,	6	,	2.72636e-01	,	3.69600e+00	,	6.48600e+00	,	3.60300e-03	,	0.00000000e+00	,	1
6	,	6	,	0.00000e+00	,	0.00000e+00	,	0.00000e+00	,	-1.56974e-01	,	0.00000000e+00	,	1
1	,	7	,	2.72636e-01	,	3.69600e+00	,	6.48600e+00	,	6.21000e-03	,	0.00000000e+00	,	1
2	,	7	,	2.72636e-01	,	3.69600e+00	,	6.48600e+00	,	2.09100e-03	,	0.00000000e+00	,	1
3	,	7	,	2.72636e-01	,	3.69600e+00	,	6.48600e+00	,	-8.39200e-03	,	0.00000000e+00	,	1
4	,	7	,	2.72636e-01	,	3.69600e+00	,	6.48600e+00	,	-8.47300e-03	,	0.00000000e+00	,	1
5	,	7	,	2.72636e-01	,	3.69600e+00	,	6.48600e+00	,	2.20900e-03	,	0.00000000e+00	,	1
7	,	7	,	0.00000e+00	,	0.00000e+00	,	0.00000e+00	,	-2.08496e-01	,	0.00000000e+00	,	1
1	,	8	,	2.72636e-01	,	3.69600e+00	,	6.48600e+00	,	-2.14800e-03	,	0.00000000e+00	,	1
2	,	8	,	2.72636e-01	,	3.69600e+00	,	6.48600e+00	,	3.59000e-04	,	0.00000000e+00	,	1
3	,	8	,	2.72636e-01	,	3.69600e+00	,	6.48600e+00	,	2.06600e-03	,	0.00000000e+00	,	1
4	,	8	,	2.72636e-01	,	3.69600e+00	,	6.48600e+00	,	1.43800e-03	,	0.00000000e+00	,	1
5	,	8	,	2.72636e-01	,	3.69600e+00	,	6.48600e+00	,	-7.41000e-04	,	0.00000000e+00	,	1
7	,	8	,	0.00000e+00	,	0.00000e+00	,	0.00000e+00	,	2.35559e-01	,	0.00000000e+00	,	1
8	,	8	,	0.00000e+00	,	0.00000e+00	,	0.00000e+00	,	-2.79621e-01	,	0.00000000e+00	,	1
1	,	9	,	2.72636e-01	,	3.69600e+00	,	6.48600e+00	,	-1.05100e-03	,	0.00000000e+00	,	1
2	,	9	,	2.72636e-01	,	3.69600e+00	,	6.48600e+00	,	9.98000e-04	,	0.00000000e+00	,	1
3	,	9	,	2.72636e-01	,	3.69600e+00	,	6.48600e+00	,	4.41300e-03	,	0.00000000e+00	,	1
4	,	9	,	2.72636e-01	,	3.69600e+00	,	6.48600e+00	,	1.66500e-03	,	0.00000000e+00	,	1
5	,	9	,	2.72636e-01	,	3.69600e+00	,	6.48600e+00	,	-9.98000e-04	,	0.00000000e+00	,	1
6	,	9	,	0.00000e+00	,	0.00000e+00	,	0.00000e+00	,	5.02020e-02	,	0.00000000e+00	,	1
9	,	9	,	0.00000e+00	,	0.00000e+00	,	0.00000e+00	,	-4.15780e-02	,	0.00000000e+00	,	1
1	,	10	,	2.72636e-01	,	3.69600e+00	,	6.48600e+00	,	1.25720e-02	,	0.00000000e+00	,	1
2	,	10	,	2.72636e-01	,	3.69600e+00	,	6.48600e+00	,	-5.68000e-03	,	0.00000000e+00	,	1
3	,	10	,	2.72636e-01	,	3.69600e+00	,	6.48600e+00	,	-2.07600e-02	,	0.00000000e+00	,	1
4	,	10	,	2.72636e-01	,	3.69600e+00	,	6.48600e+00	,	-9.99500e-03	,	0.00000000e+00	,	1
5	,	10	,	2.72636e-01	,	3.69600e+00	,	6.48600e+00	,	7.40500e-03	,	0.00000000e+00	,	1
6	,	10	,	0.00000e+00	,	0.00000e+00	,	0.00000e+00	,	2.08498e-01	,	0.00000000e+00	,	1
9	,	10	,	0.00000e+00	,	0.00000e+00	,	0.00000e+00	,	-7.30360e-02	,	0.00000000e+00	,	1
10	,	10	,	0.00000e+00	,	0.00000e+00	,	0.00000e+00	,	-3.05200e-01	,	0.00000000e+00	,	1
1	,	11	,	5.14114e+00	,	3.69600e+00	,	1.09743e+01	,	3.00000e-04	,	0.00000000e+00	,	1
2	,	11	,	5.14114e+00	,	3.69600e+00	,	1.09743e+01	,	-1.85600e-03	,	0.00000000e+00	,	1
3	,	11	,	5.14114e+00	,	3.69600e+00	,	1.09743e+01	,	-5.67600e-03	,	0.00000000e+00	,	1
4	,	11	,	5.14114e+00	,	3.69600e+00	,	1.09743e+01	,	-9.83000e-04	,	0.00000000e+00	,	1
5	,	11	,	5.14114e+00	,	3.69600e+00	,	1.09743e+01	,	5.56000e-04	,	0.00000000e+00	,	1
7	,	11	,	4.86850e+00	,	0.00000e+00	,	4.48831e+00	,	-1.29000e-04	,	0.00000000e+00	,	1
9	,	11	,	4.86850e+00	,	0.00000e+00	,	4.48831e+00	,	1.05000e-04	,	0.00000000e+00	,	1
11	,	11	,	0.00000e+00	,	0.00000e+00	,	0.00000e+00	,	-1.56973e-01	,	0.00000000e+00	,	1
1	,	12	,	5.14114e+00	,	3.69600e+00	,	1.09743e+01	,	1.85600e-03	,	0.00000000e+00	,	1
2	,	12	,	5.14114e+00	,	3.69600e+00	,	1.09743e+01	,	-1.69000e-04	,	0.00000000e+00	,	1
3	,	12	,	5.14114e+00	,	3.69600e+00	,	1.09743e+01	,	-3.97800e-03	,	0.00000000e+00	,	1
4	,	12	,	5.14114e+00	,	3.69600e+00	,	1.09743e+01	,	1.24000e-04	,	0.00000000e+00	,	1
5	,	12	,	5.14114e+00	,	3.69600e+00	,	1.09743e+01	,	3.49300e-03	,	0.00000000e+00	,	1
9	,	12	,	4.86850e+00	,	0.00000e+00	,	4.48831e+00	,	1.02000e-04	,	0.00000000e+00	,	1
12	,	12	,	0.00000e+00	,	0.00000e+00	,	0.00000e+00	,	-2.08497e-01	,	0.00000000e+00	,	1
1	,	13	,	5.14114e+00	,	3.69600e+00	,	1.09743e+01	,	5.67600e-03	,	0.00000000e+00	,	1
2	,	13	,	5.14114e+00	,	3.69600e+00	,	1.09743e+01	,	-3.97800e-03	,	0.00000000e+00	,	1
3	,	13	,	5.14114e+00	,	3.69600e+00	,	1.09743e+01	,	-3.43400e-03	,	0.00000000e+00	,	1
4	,	13	,	5.14114e+00	,	3.69600e+00	,	1.09743e+01	,	2.06000e-04	,	0.00000000e+00	,	1
5	,	13	,	5.14114e+00	,	3.69600e+00	,	1.09743e+01	,	-7.44000e-04	,	0.00000000e+00	,	1
12	,	13	,	0.00000e+00	,	0.00000e+00	,	0.00000e+00	,	2.35559e-01	,	0.00000000e+00	,	1
13	,	13	,	0.00000e+00	,	0.00000e+00	,	0.00000e+00	,	-2.79621e-01	,	0.00000000e+00	,	1
1	,	14	,	5.14114e+00	,	3.69600e+00	,	1.09743e+01	,	-9.83000e-04	,	0.00000000e+00	,	1
2	,	14	,	5.14114e+00	,	3.69600e+00	,	1.09743e+01	,	-1.24000e-04	,	0.00000000e+00	,	1
3	,	14	,	5.14114e+00	,	3.69600e+00	,	1.09743e+01	,	-2.06000e-04	,	0.00000000e+00	,	1
4	,	14	,	5.14114e+00	,	3.69600e+00	,	1.09743e+01	,	-4.29000e-03	,	0.00000000e+00	,	1
5	,	14	,	5.14114e+00	,	3.69600e+00	,	1.09743e+01	,	2.06700e-03	,	0.00000000e+00	,	1
10	,	14	,	4.86850e+00	,	0.00000e+00	,	4.48831e+00	,	-1.60000e-04	,	0.00000000e+00	,	1
11	,	14	,	0.00000e+00	,	0.00000e+00	,	0.00000e+00	,	5.02010e-02	,	0.00000000e+00	,	1
14	,	14	,	0.00000e+00	,	0.00000e+00	,	0.00000e+00	,	-4.15780e-02	,	0.00000000e+00	,	1
1	,	15	,	5.14114e+00	,	3.69600e+00	,	1.09743e+01	,	5.56000e-04	,	0.00000000e+00	,	1
2	,	15	,	5.14114e+00	,	3.69600e+00	,	1.09743e+01	,	-3.49300e-03	,	0.00000000e+00	,	1
3	,	15	,	5.14114e+00	,	3.69600e+00	,	1.09743e+01	,	7.44000e-04	,	0.00000000e+00	,	1
4	,	15	,	5.14114e+00	,	3.69600e+00	,	1.09743e+01	,	2.06700e-03	,	0.00000000e+00	,	1
5	,	15	,	5.14114e+00	,	3.69600e+00	,	1.09743e+01	,	6.46200e-03	,	0.00000000e+00	,	1
11	,	15	,	0.00000e+00	,	0.00000e+00	,	0.00000e+00	,	2.08498e-01	,	0.00000000e+00	,	1
14	,	15	,	0.00000e+00	,	0.00000e+00	,	0.00000e+00	,	-7.30350e-02	,	0.00000000e+00	,	1
15	,	15	,	0.00000e+00	,	0.00000e+00	,	0.00000e+00	,	-3.05201e-01	,	0.00000000e+00	,	1
1	,	16	,	4.86850e+00	,	0.00000e+00	,	4.48831e+00	,	7.62000e-03	,	0.00000000e+00	,	1
4	,	16	,	4.86850e+00	,	0.00000e+00	,	4.48831e+00	,	-2.26400e-03	,	0.00000000e+00	,	1
5	,	16	,	4.86850e+00	,	0.00000e+00	,	4.48831e+00	,	2.51000e-04	,	0.00000000e+00	,	1
6	,	16	,	4.59586e+00	,	-3.69600e+00	,	-1.99769e+00	,	3.00000e-04	,	0.00000000e+00	,	1
7	,	16	,	4.59586e+00	,	-3.69600e+00	,	-1.99769e+00	,	1.85500e-03	,	0.00000000e+00	,	1
8	,	16	,	4.59586e+00	,	-3.69600e+00	,	-1.99769e+00	,	5.67500e-03	,	0.00000000e+00	,	1
9	,	16	,	4.59586e+00	,	-3.69600e+00	,	-1.99769e+00	,	-9.82000e-04	,	0.00000000e+00	,	1
10	,	16	,	4.59586e+00	,	-3.69600e+00	,	-1.99769e+00	,	5.56000e-04	,	0.00000000e+00	,	1
11	,	16	,	-2.72636e-01	,	-3.69600e+00	,	-6.48600e+00	,	-1.64000e-04	,	0.00000000e+00	,	1
12	,	16	,	-2.72636e-01	,	-3.69600e+00	,	-6.48600e+00	,	-1.72000e-04	,	0.00000000e+00	,	1
14	,	16	,	-2.72636e-01	,	-3.69600e+00	,	-6.48600e+00	,	1.56000e-04	,	0.00000000e+00	,	1
15	,	16	,	-2.72636e-01	,	-3.69600e+00	,	-6.48600e+00	,	-4.12000e-04	,	0.00000000e+00	,	1
16	,	16	,	0.00000e+00	,	0.00000e+00	,	0.00000e+00	,	-1.56974e-01	,	0.00000000e+00	,	1
2	,	17	,	4.86850e+00	,	0.00000e+00	,	4.48831e+00	,	-1.67000e-04	,	0.00000000e+00	,	1
3	,	17	,	4.86850e+00	,	0.00000e+00	,	4.48831e+00	,	4.38000e-04	,	0.00000000e+00	,	1
6	,	17	,	4.59586e+00	,	-3.69600e+00	,	-1.99769e+00	,	-1.85500e-03	,	0.00000000e+00	,	1
7	,	17	,	4.59586e+00	,	-3.69600e+00	,	-1.99769e+00	,	-1.70000e-04	,	0.00000000e+00	,	1
8	,	17	,	4.59586e+00	,	-3.69600e+00	,	-1.99769e+00	,	-3.97800e-03	,	0.00000000e+00	,	1
9	,	17	,	4.59586e+00	,	-3.69600e+00	,	-1.99769e+00	,	-1.24000e-04	,	0.00000000e+00	,	1
10	,	17	,	4.59586e+00	,	-3.69600e+00	,	-1.99769e+00	,	-3.49400e-03	,	0.00000000e+00	,	1
17	,	17	,	0.00000e+00	,	0.00000e+00	,	0.00000e+00	,	-2.08497e-01	,	0.00000000e+00	,	1
2	,	18	,	4.86850e+00	,	0.00000e+00	,	4.48831e+00	,	-5.07000e-03	,	0.00000000e+00	,	1
3	,	18	,	4.86850e+00	,	0.00000e+00	,	4.48831e+00	,	2.54900e-03	,	0.00000000e+00	,	1
6	,	18	,	4.59586e+00	,	-3.69600e+00	,	-1.99769e+00	,	-5.67500e-03	,	0.00000000e+00	,	1
7	,	18	,	4.59586e+00	,	-3.69600e+00	,	-1.99769e+00	,	-3.97800e-03	,	0.00000000e+00	,	1
8	,	18	,	4.59586e+00	,	-3.69600e+00	,	-1.99769e+00	,	-3.43300e-03	,	0.00000000e+00	,	1
9	,	18	,	4.59586e+00	,	-3.69600e+00	,	-1.99769e+00	,	-2.05000e-04	,	0.00000000e+00	,	1
10	,	18	,	4.59586e+00	,	-3.69600e+00	,	-1.99769e+00	,	7.42000e-04	,	0.00000000e+00	,	1
11	,	18	,	-2.72636e-01	,	-3.69600e+00	,	-6.48600e+00	,	-3.19000e-04	,	0.00000000e+00	,	1
13	,	18	,	-2.72636e-01	,	-3.69600e+00	,	-6.48600e+00	,	-1.22000e-04	,	0.00000000e+00	,	1
14	,	18	,	-2.72636e-01	,	-3.69600e+00	,	-6.48600e+00	,	-4.27000e-04	,	0.00000000e+00	,	1
15	,	18	,	-2.72636e-01	,	-3.69600e+00	,	-6.48600e+00	,	-4.33000e-04	,	0.00000000e+00	,	1
17	,	18	,	0.00000e+00	,	0.00000e+00	,	0.00000e+00	,	2.35559e-01	,	0.00000000e+00	,	1
18	,	18	,	0.00000e+00	,	0.00000e+00	,	0.00000e+00	,	-2.79621e-01	,	0.00000000e+00	,	1
1	,	19	,	4.86850e+00	,	0.00000e+00	,	4.48831e+00	,	1.59270e-02	,	0.00000000e+00	,	1
4	,	19	,	4.86850e+00	,	0.00000e+00	,	4.48831e+00	,	-5.41000e-03	,	0.00000000e+00	,	1
5	,	19	,	4.86850e+00	,	0.00000e+00	,	4.48831e+00	,	-4.49400e-03	,	0.00000000e+00	,	1
6	,	19	,	4.59586e+00	,	-3.69600e+00	,	-1.99769e+00	,	-9.82000e-04	,	0.00000000e+00	,	1
7	,	19	,	4.59586e+00	,	-3.69600e+00	,	-1.99769e+00	,	1.24000e-04	,	0.00000000e+00	,	1
8	,	19	,	4.59586e+00	,	-3.69600e+00	,	-1.99769e+00	,	2.06000e-04	,	0.00000000e+00	,	1
9	,	19	,	4.59586e+00	,	-3.69600e+00	,	-1.99769e+00	,	-4.29000e-03	,	0.00000000e+00	,	1
10	,	19	,	4.59586e+00	,	-3.69600e+00	,	-1.99769e+00	,	2.06700e-03	,	0.00000000e+00	,	1
11	,	19	,	-2.72636e-01	,	-3.69600e+00	,	-6.48600e+00	,	-5.62000e-04	,	0.00000000e+00	,	1
12	,	19	,	-2.72636e-01	,	-3.69600e+00	,	-6.48600e+00	,	-2.91000e-04	,	0.00000000e+00	,	1
13	,	19	,	-2.72636e-01	,	-3.69600e+00	,	-6.48600e+00	,	-2.24000e-04	,	0.00000000e+00	,	1
14	,	19	,	-2.72636e-01	,	-3.69600e+00	,	-6.48600e+00	,	-2.40000e-04	,	0.00000000e+00	,	1
15	,	19	,	-2.72636e-01	,	-3.69600e+00	,	-6.48600e+00	,	-8.70000e-04	,	0.00000000e+00	,	1
16	,	19	,	0.00000e+00	,	0.00000e+00	,	0.00000e+00	,	5.02020e-02	,	0.00000000e+00	,	1
19	,	19	,	0.00000e+00	,	0.00000e+00	,	0.00000e+00	,	-4.15780e-02	,	0.00000000e+00	,	1
1	,	20	,	4.86850e+00	,	0.00000e+00	,	4.48831e+00	,	-2.35010e-02	,	0.00000000e+00	,	1
4	,	20	,	4.86850e+00	,	0.00000e+00	,	4.48831e+00	,	2.54500e-03	,	0.00000000e+00	,	1
5	,	20	,	4.86850e+00	,	0.00000e+00	,	4.48831e+00	,	7.94300e-03	,	0.00000000e+00	,	1
6	,	20	,	4.59586e+00	,	-3.69600e+00	,	-1.99769e+00	,	5.56000e-04	,	0.00000000e+00	,	1
7	,	20	,	4.59586e+00	,	-3.69600e+00	,	-1.99769e+00	,	3.49400e-03	,	0.00000000e+00	,	1
8	,	20	,	4.59586e+00	,	-3.69600e+00	,	-1.99769e+00	,	-7.42000e-04	,	0.00000000e+00	,	1
9	,	20	,	4.59586e+00	,	-3.69600e+00	,	-1.99769e+00	,	2.06700e-03	,	0.00000000e+00	,	1
10	,	20	,	4.59586e+00	,	-3.69600e+00	,	-1.99769e+00	,	6.46300e-03	,	0.00000000e+00	,	1
11	,	20	,	-2.72636e-01	,	-3.69600e+00	,	-6.48600e+00	,	2.86000e-04	,	0.00000000e+00	,	1
13	,	20	,	-2.72636e-01	,	-3.69600e+00	,	-6.48600e+00	,	2.58000e-04	,	0.00000000e+00	,	1
14	,	20	,	-2.72636e-01	,	-3.69600e+00	,	-6.48600e+00	,	4.32000e-04	,	0.00000000e+00	,	1
15	,	20	,	-2.72636e-01	,	-3.69600e+00	,	-6.48600e+00	,	4.75000e-04	,	0.00000000e+00	,	1
16	,	20	,	0.00000e+00	,	0.00000e+00	,	0.00000e+00	,	2.08498e-01	,	0.00000000e+00	,	1
19	,	20	,	0.00000e+00	,	0.00000e+00	,	0.00000e+00	,	-7.30360e-02	,	0.00000000e+00	,	1
20	,	20	,	0.00000e+00	,	0.00000e+00	,	0.00000e+00	,	-3.05200e-01	,	0.00000000e+00	,	1
1	,	1	,	0.00000e+00	,	0.00000e+00	,	1.29720e+01	,	6.20000e-04	,	0.00000000e+00	,	1
2	,	2	,	0.00000e+00	,	0.00000e+00	,	1.29720e+01	,	-1.62000e-04	,	0.00000000e+00	,	1
1	,	4	,	0.00000e+00	,	0.00000e+00	,	1.29720e+01	,	-1.14900e-03	,	0.00000000e+00	,	1
1	,	5	,	0.00000e+00	,	0.00000e+00	,	1.29720e+01	,	3.00000e-04	,	0.00000000e+00	,	1
4	,	5	,	0.00000e+00	,	0.00000e+00	,	1.29720e+01	,	-1.20000e-04	,	0.00000000e+00	,	1
6	,	6	,	0.00000e+00	,	0.00000e+00	,	1.29720e+01	,	6.20000e-04	,	0.00000000e+00	,	1
7	,	7	,	0.00000e+00	,	0.00000e+00	,	1.29720e+01	,	-1.63000e-04	,	0.00000000e+00	,	1
6	,	9	,	0.00000e+00	,	0.00000e+00	,	1.29720e+01	,	-1.14900e-03	,	0.00000000e+00	,	1
6	,	10	,	0.00000e+00	,	0.00000e+00	,	1.29720e+01	,	3.01000e-04	,	0.00000000e+00	,	1
9	,	10	,	0.00000e+00	,	0.00000e+00	,	1.29720e+01	,	-1.19000e-04	,	0.00000000e+00	,	1
6	,	11	,	4.86850e+00	,	0.00000e+00	,	1.74603e+01	,	2.78100e-03	,	0.00000000e+00	,	1
7	,	11	,	4.86850e+00	,	0.00000e+00	,	1.74603e+01	,	-1.71300e-03	,	0.00000000e+00	,	1
8	,	11	,	4.86850e+00	,	0.00000e+00	,	1.74603e+01	,	-2.17900e-03	,	0.00000000e+00	,	1
9	,	11	,	4.86850e+00	,	0.00000e+00	,	1.74603e+01	,	-5.29000e-04	,	0.00000000e+00	,	1
10	,	11	,	4.86850e+00	,	0.00000e+00	,	1.74603e+01	,	9.16000e-04	,	0.00000000e+00	,	1
11	,	11	,	0.00000e+00	,	0.00000e+00	,	1.29720e+01	,	6.20000e-04	,	0.00000000e+00	,	1
6	,	12	,	4.86850e+00	,	0.00000e+00	,	1.74603e+01	,	-9.22000e-04	,	0.00000000e+00	,	1
7	,	12	,	4.86850e+00	,	0.00000e+00	,	1.74603e+01	,	5.24000e-04	,	0.00000000e+00	,	1
8	,	12	,	4.86850e+00	,	0.00000e+00	,	1.74603e+01	,	2.65000e-04	,	0.00000000e+00	,	1
9	,	12	,	4.86850e+00	,	0.00000e+00	,	1.74603e+01	,	-2.44000e-04	,	0.00000000e+00	,	1
12	,	12	,	0.00000e+00	,	0.00000e+00	,	1.29720e+01	,	-1.62000e-04	,	0.00000000e+00	,	1
3	,	13	,	5.14114e+00	,	3.69600e+00	,	2.39463e+01	,	-2.65000e-04	,	0.00000000e+00	,	1
6	,	13	,	4.86850e+00	,	0.00000e+00	,	1.74603e+01	,	4.67500e-03	,	0.00000000e+00	,	1
7	,	13	,	4.86850e+00	,	0.00000e+00	,	1.74603e+01	,	-2.31400e-03	,	0.00000000e+00	,	1
8	,	13	,	4.86850e+00	,	0.00000e+00	,	1.74603e+01	,	-1.96700e-03	,	0.00000000e+00	,	1
10	,	13	,	4.86850e+00	,	0.00000e+00	,	1.74603e+01	,	5.36000e-04	,	0.00000000e+00	,	1
6	,	14	,	4.86850e+00	,	0.00000e+00	,	1.74603e+01	,	1.50100e-03	,	0.00000000e+00	,	1
7	,	14	,	4.86850e+00	,	0.00000e+00	,	1.74603e+01	,	-1.34500e-03	,	0.00000000e+00	,	1
8	,	14	,	4.86850e+00	,	0.00000e+00	,	1.74603e+01	,	-1.30600e-03	,	0.00000000e+00	,	1
10	,	14	,	4.86850e+00	,	0.00000e+00	,	1.74603e+01	,	5.42000e-04	,	0.00000000e+00	,	1
6	,	15	,	4.86850e+00	,	0.00000e+00	,	1.74603e+01	,	-2.58000e-03	,	0.00000000e+00	,	1
7	,	15	,	4.86850e+00	,	0.00000e+00	,	1.74603e+01	,	2.27300e-03	,	0.00000000e+00	,	1
8	,	15	,	4.86850e+00	,	0.00000e+00	,	1.74603e+01	,	2.04800e-03	,	0.00000000e+00	,	1
10	,	15	,	4.86850e+00	,	0.00000e+00	,	1.74603e+01	,	-1.00000e-03	,	0.00000000e+00	,	1
11	,	15	,	0.00000e+00	,	0.00000e+00	,	1.29720e+01	,	-1.49000e-04	,	0.00000000e+00	,	1
14	,	15	,	0.00000e+00	,	0.00000e+00	,	1.29720e+01	,	3.22000e-04	,	0.00000000e+00	,	1
16	,	16	,	0.00000e+00	,	0.00000e+00	,	1.29720e+01	,	6.20000e-04	,	0.00000000e+00	,	1
17	,	17	,	0.00000e+00	,	0.00000e+00	,	1.29720e+01	,	-1.63000e-04	,	0.00000000e+00	,	1
8	,	18	,	4.59586e+00	,	-3.69600e+00	,	1.09743e+01	,	-2.67000e-04	,	0.00000000e+00	,	1
16	,	20	,	0.00000e+00	,	0.00000e+00	,	1.29720e+01	,	-1.49000e-04	,	0.00000000e+00	,	1
19	,	20	,	0.00000e+00	,	0.00000e+00	,	1.29720e+01	,	3.22000e-04	,	0.00000000e+00	,	1
1	,	1	,	0.00000e+00	,	7.39200e+00	,	-1.29720e+01	,	1.23000e-04	,	0.00000000e+00	,	1
1	,	3	,	0.00000e+00	,	7.39200e+00	,	-1.29720e+01	,	-1.94000e-04	,	0.00000000e+00	,	1
2	,	3	,	0.00000e+00	,	7.39200e+00	,	-1.29720e+01	,	2.13000e-04	,	0.00000000e+00	,	1
1	,	4	,	0.00000e+00	,	7.39200e+00	,	-1.29720e+01	,	-1.09000e-04	,	0.00000000e+00	,	1
2	,	4	,	0.00000e+00	,	7.39200e+00	,	-1.29720e+01	,	1.58000e-04	,	0.00000000e+00	,	1
5	,	5	,	0.00000e+00	,	7.39200e+00	,	-1.29720e+01	,	1.22000e-04	,	0.00000000e+00	,	1
1	,	6	,	2.72636e-01	,	1.10880e+01	,	-6.48600e+00	,	4.39700e-03	,	0.00000000e+00	,	1
2	,	6	,	2.72636e-01	,	1.10880e+01	,	-6.48600e+00	,	-6.21000e-03	,	0.00000000e+00	,	1
3	,	6	,	2.72636e-01	,	1.10880e+01	,	-6.48600e+00	,	2.14800e-03	,	0.00000000e+00	,	1
4	,	6	,	2.72636e-01	,	1.10880e+01	,	-6.48600e+00	,	-1.05200e-03	,	0.00000000e+00	,	1
5	,	6	,	2.72636e-01	,	1.10880e+01	,	-6.48600e+00	,	1.25730e-02	,	0.00000000e+00	,	1
6	,	6	,	0.00000e+00	,	7.39200e+00	,	-1.29720e+01	,	1.23000e-04	,	0.00000000e+00	,	1
1	,	7	,	2.72636e-01	,	1.10880e+01	,	-6.48600e+00	,	2.06100e-03	,	0.00000000e+00	,	1
2	,	7	,	2.72636e-01	,	1.10880e+01	,	-6.48600e+00	,	2.09100e-03	,	0.00000000e+00	,	1
3	,	7	,	2.72636e-01	,	1.10880e+01	,	-6.48600e+00	,	3.59000e-04	,	0.00000000e+00	,	1
4	,	7	,	2.72636e-01	,	1.10880e+01	,	-6.48600e+00	,	-9.98000e-04	,	0.00000000e+00	,	1
5	,	7	,	2.72636e-01	,	1.10880e+01	,	-6.48600e+00	,	5.67800e-03	,	0.00000000e+00	,	1
1	,	8	,	2.72636e-01	,	1.10880e+01	,	-6.48600e+00	,	1.07660e-02	,	0.00000000e+00	,	1
2	,	8	,	2.72636e-01	,	1.10880e+01	,	-6.48600e+00	,	-8.39100e-03	,	0.00000000e+00	,	1
3	,	8	,	2.72636e-01	,	1.10880e+01	,	-6.48600e+00	,	2.06700e-03	,	0.00000000e+00	,	1
4	,	8	,	2.72636e-01	,	1.10880e+01	,	-6.48600e+00	,	-4.41400e-03	,	0.00000000e+00	,	1
5	,	8	,	2.72636e-01	,	1.10880e+01	,	-6.48600e+00	,	2.07580e-02	,	0.00000000e+00	,	1
6	,	8	,	0.00000e+00	,	7.39200e+00	,	-1.29720e+01	,	1.95000e-04	,	0.00000000e+00	,	1
7	,	8	,	0.00000e+00	,	7.39200e+00	,	-1.29720e+01	,	2.12000e-04	,	0.00000000e+00	,	1
1	,	9	,	2.72636e-01	,	1.10880e+01	,	-6.48600e+00	,	-5.32000e-03	,	0.00000000e+00	,	1
2	,	9	,	2.72636e-01	,	1.10880e+01	,	-6.48600e+00	,	8.47200e-03	,	0.00000000e+00	,	1
3	,	9	,	2.72636e-01	,	1.10880e+01	,	-6.48600e+00	,	-1.43700e-03	,	0.00000000e+00	,	1
4	,	9	,	2.72636e-01	,	1.10880e+01	,	-6.48600e+00	,	1.66500e-03	,	0.00000000e+00	,	1
5	,	9	,	2.72636e-01	,	1.10880e+01	,	-6.48600e+00	,	-9.99500e-03	,	0.00000000e+00	,	1
6	,	9	,	0.00000e+00	,	7.39200e+00	,	-1.29720e+01	,	-1.08000e-04	,	0.00000000e+00	,	1
7	,	9	,	0.00000e+00	,	7.39200e+00	,	-1.29720e+01	,	-1.58000e-04	,	0.00000000e+00	,	1
1	,	10	,	2.72636e-01	,	1.10880e+01	,	-6.48600e+00	,	3.60300e-03	,	0.00000000e+00	,	1
2	,	10	,	2.72636e-01	,	1.10880e+01	,	-6.48600e+00	,	-2.20800e-03	,	0.00000000e+00	,	1
3	,	10	,	2.72636e-01	,	1.10880e+01	,	-6.48600e+00	,	7.42000e-04	,	0.00000000e+00	,	1
4	,	10	,	2.72636e-01	,	1.10880e+01	,	-6.48600e+00	,	-9.98000e-04	,	0.00000000e+00	,	1
5	,	10	,	2.72636e-01	,	1.10880e+01	,	-6.48600e+00	,	7.40400e-03	,	0.00000000e+00	,	1
10	,	10	,	0.00000e+00	,	7.39200e+00	,	-1.29720e+01	,	1.22000e-04	,	0.00000000e+00	,	1
11	,	11	,	0.00000e+00	,	7.39200e+00	,	-1.29720e+01	,	1.23000e-04	,	0.00000000e+00	,	1
11	,	12	,	0.00000e+00	,	7.39200e+00	,	-1.29720e+01	,	1.54000e-04	,	0.00000000e+00	,	1
11	,	15	,	0.00000e+00	,	7.39200e+00	,	-1.29720e+01	,	1.42000e-04	,	0.00000000e+00	,	1
13	,	15	,	0.00000e+00	,	7.39200e+00	,	-1.29720e+01	,	3.63000e-04	,	0.00000000e+00	,	1
14	,	15	,	0.00000e+00	,	7.39200e+00	,	-1.29720e+01	,	-2.60000e-04	,	0.00000000e+00	,	1
15	,	15	,	0.00000e+00	,	7.39200e+00	,	-1.29720e+01	,	1.22000e-04	,	0.00000000e+00	,	1
2	,	16	,	4.86850e+00	,	7.39200e+00	,	-8.48369e+00	,	1.30000e-04	,	0.00000000e+00	,	1
4	,	16	,	4.86850e+00	,	7.39200e+00	,	-8.48369e+00	,	1.05000e-04	,	0.00000000e+00	,	1
11	,	16	,	-2.72636e-01	,	3.69600e+00	,	-1.94580e+01	,	-1.66000e-04	,	0.00000000e+00	,	1
13	,	16	,	-2.72636e-01	,	3.69600e+00	,	-1.94580e+01	,	3.18000e-04	,	0.00000000e+00	,	1
14	,	16	,	-2.72636e-01	,	3.69600e+00	,	-1.94580e+01	,	-5.62000e-04	,	0.00000000e+00	,	1
15	,	16	,	-2.72636e-01	,	3.69600e+00	,	-1.94580e+01	,	2.85000e-04	,	0.00000000e+00	,	1
16	,	16	,	0.00000e+00	,	7.39200e+00	,	-1.29720e+01	,	1.23000e-04	,	0.00000000e+00	,	1
4	,	17	,	4.86850e+00	,	7.39200e+00	,	-8.48369e+00	,	-1.03000e-04	,	0.00000000e+00	,	1
11	,	17	,	-2.72636e-01	,	3.69600e+00	,	-1.94580e+01	,	1.72000e-04	,	0.00000000e+00	,	1
14	,	17	,	-2.72636e-01	,	3.69600e+00	,	-1.94580e+01	,	2.90000e-04	,	0.00000000e+00	,	1
16	,	17	,	0.00000e+00	,	7.39200e+00	,	-1.29720e+01	,	-1.54000e-04	,	0.00000000e+00	,	1
13	,	18	,	-2.72636e-01	,	3.69600e+00	,	-1.94580e+01	,	-1.22000e-04	,	0.00000000e+00	,	1
14	,	18	,	-2.72636e-01	,	3.69600e+00	,	-1.94580e+01	,	2.24000e-04	,	0.00000000e+00	,	1
15	,	18	,	-2.72636e-01	,	3.69600e+00	,	-1.94580e+01	,	-2.58000e-04	,	0.00000000e+00	,	1
5	,	19	,	4.86850e+00	,	7.39200e+00	,	-8.48369e+00	,	-1.59000e-04	,	0.00000000e+00	,	1
11	,	19	,	-2.72636e-01	,	3.69600e+00	,	-1.94580e+01	,	1.57000e-04	,	0.00000000e+00	,	1
13	,	19	,	-2.72636e-01	,	3.69600e+00	,	-1.94580e+01	,	4.27000e-04	,	0.00000000e+00	,	1
14	,	19	,	-2.72636e-01	,	3.69600e+00	,	-1.94580e+01	,	-2.40000e-04	,	0.00000000e+00	,	1
15	,	19	,	-2.72636e-01	,	3.69600e+00	,	-1.94580e+01	,	4.31000e-04	,	0.00000000e+00	,	1
11	,	20	,	-2.72636e-01	,	3.69600e+00	,	-1.94580e+01	,	-4.10000e-04	,	0.00000000e+00	,	1
13	,	20	,	-2.72636e-01	,	3.69600e+00	,	-1.94580e+01	,	4.33000e-04	,	0.00000000e+00	,	1
14	,	20	,	-2.72636e-01	,	3.69600e+00	,	-1.94580e+01	,	-8.70000e-04	,	0.00000000e+00	,	1
15	,	20	,	-2.72636e-01	,	3.69600e+00	,	-1.94580e+01	,	4.77000e-04	,	0.00000000e+00	,	1
16	,	20	,	0.00000e+00	,	7.39200e+00	,	-1.29720e+01	,	1.42000e-04	,	0.00000000e+00	,	1
18	,	20	,	0.00000e+00	,	7.39200e+00	,	-1.29720e+01	,	-3.63000e-04	,	0.00000000e+00	,	1
19	,	20	,	0.00000e+00	,	7.39200e+00	,	-1.29720e+01	,	-2.61000e-04	,	0.00000000e+00	,	1
20	,	20	,	0.00000e+00	,	7.39200e+00	,	-1.29720e+01	,	1.22000e-04	,	0.00000000e+00	,	1
1	,	1	,	0.00000e+00	,	7.39200e+00	,	0.00000e+00	,	-5.09200e-03	,	0.00000000e+00	,	1
1	,	2	,	0.00000e+00	,	7.39200e+00	,	0.00000e+00	,	-4.28600e-03	,	0.00000000e+00	,	1
2	,	2	,	0.00000e+00	,	7.39200e+00	,	0.00000e+00	,	2.93300e-02	,	0.00000000e+00	,	1
1	,	3	,	0.00000e+00	,	7.39200e+00	,	0.00000e+00	,	-2.36300e-03	,	0.00000000e+00	,	1
2	,	3	,	0.00000e+00	,	7.39200e+00	,	0.00000e+00	,	1.61060e-02	,	0.00000000e+00	,	1
3	,	3	,	0.00000e+00	,	7.39200e+00	,	0.00000e+00	,	2.07650e-02	,	0.00000000e+00	,	1
1	,	4	,	0.00000e+00	,	7.39200e+00	,	0.00000e+00	,	1.46800e-03	,	0.00000000e+00	,	1
2	,	4	,	0.00000e+00	,	7.39200e+00	,	0.00000e+00	,	-6.90000e-03	,	0.00000000e+00	,	1
3	,	4	,	0.00000e+00	,	7.39200e+00	,	0.00000e+00	,	1.75800e-03	,	0.00000000e+00	,	1
4	,	4	,	0.00000e+00	,	7.39200e+00	,	0.00000e+00	,	-5.29600e-03	,	0.00000000e+00	,	1
1	,	5	,	0.00000e+00	,	7.39200e+00	,	0.00000e+00	,	2.80800e-03	,	0.00000000e+00	,	1
2	,	5	,	0.00000e+00	,	7.39200e+00	,	0.00000e+00	,	-1.51310e-02	,	0.00000000e+00	,	1
3	,	5	,	0.00000e+00	,	7.39200e+00	,	0.00000e+00	,	-1.38850e-02	,	0.00000000e+00	,	1
4	,	5	,	0.00000e+00	,	7.39200e+00	,	0.00000e+00	,	-1.11800e-03	,	0.00000000e+00	,	1
5	,	5	,	0.00000e+00	,	7.39200e+00	,	0.00000e+00	,	-1.02910e-02	,	0.00000000e+00	,	1
1	,	6	,	2.72636e-01	,	1.10880e+01	,	6.48600e+00	,	4.39700e-03	,	0.00000000e+00	,	1
2	,	6	,	2.72636e-01	,	1.10880e+01	,	6.48600e+00	,	2.05900e-03	,	0.00000000e+00	,	1
3	,	6	,	2.72636e-01	,	1.10880e+01	,	6.48600e+00	,	1.07650e-02	,	0.00000000e+00	,	1
4	,	6	,	2.72636e-01	,	1.10880e+01	,	6.48600e+00	,	-5.32000e-03	,	0.00000000e+00	,	1
5	,	6	,	2.72636e-01	,	1.10880e+01	,	6.48600e+00	,	3.60300e-03	,	0.00000000e+00	,	1
6	,	6	,	0.00000e+00	,	7.39200e+00	,	0.00000e+00	,	-5.09200e-03	,	0.00000000e+00	,	1
1	,	7	,	2.72636e-01	,	1.10880e+01	,	6.48600e+00	,	-6.21100e-03	,	0.00000000e+00	,	1
2	,	7	,	2.72636e-01	,	1.10880e+01	,	6.48600e+00	,	2.09100e-03	,	0.00000000e+00	,	1
3	,	7	,	2.72636e-01	,	1.10880e+01	,	6.48600e+00	,	-8.39100e-03	,	0.00000000e+00	,	1
4	,	7	,	2.72636e-01	,	1.10880e+01	,	6.48600e+00	,	8.47300e-03	,	0.00000000e+00	,	1
5	,	7	,	2.72636e-01	,	1.10880e+01	,	6.48600e+00	,	-2.20900e-03	,	0.00000000e+00	,	1
6	,	7	,	0.00000e+00	,	7.39200e+00	,	0.00000e+00	,	4.28600e-03	,	0.00000000e+00	,	1
7	,	7	,	0.00000e+00	,	7.39200e+00	,	0.00000e+00	,	2.93300e-02	,	0.00000000e+00	,	1
1	,	8	,	2.72636e-01	,	1.10880e+01	,	6.48600e+00	,	2.14900e-03	,	0.00000000e+00	,	1
2	,	8	,	2.72636e-01	,	1.10880e+01	,	6.48600e+00	,	3.58000e-04	,	0.00000000e+00	,	1
3	,	8	,	2.72636e-01	,	1.10880e+01	,	6.48600e+00	,	2.06700e-03	,	0.00000000e+00	,	1
4	,	8	,	2.72636e-01	,	1.10880e+01	,	6.48600e+00	,	-1.43700e-03	,	0.00000000e+00	,	1
5	,	8	,	2.72636e-01	,	1.10880e+01	,	6.48600e+00	,	7.42000e-04	,	0.00000000e+00	,	1
6	,	8	,	0.00000e+00	,	7.39200e+00	,	0.00000e+00	,	2.36300e-03	,	0.00000000e+00	,	1
7	,	8	,	0.00000e+00	,	7.39200e+00	,	0.00000e+00	,	1.61070e-02	,	0.00000000e+00	,	1
8	,	8	,	0.00000e+00	,	7.39200e+00	,	0.00000e+00	,	2.07650e-02	,	0.00000000e+00	,	1
1	,	9	,	2.72636e-01	,	1.10880e+01	,	6.48600e+00	,	-1.05200e-03	,	0.00000000e+00	,	1
2	,	9	,	2.72636e-01	,	1.10880e+01	,	6.48600e+00	,	-9.98000e-04	,	0.00000000e+00	,	1
3	,	9	,	2.72636e-01	,	1.10880e+01	,	6.48600e+00	,	-4.41300e-03	,	0.00000000e+00	,	1
4	,	9	,	2.72636e-01	,	1.10880e+01	,	6.48600e+00	,	1.66600e-03	,	0.00000000e+00	,	1
5	,	9	,	2.72636e-01	,	1.10880e+01	,	6.48600e+00	,	-9.97000e-04	,	0.00000000e+00	,	1
6	,	9	,	0.00000e+00	,	7.39200e+00	,	0.00000e+00	,	1.46800e-03	,	0.00000000e+00	,	1
7	,	9	,	0.00000e+00	,	7.39200e+00	,	0.00000e+00	,	6.90000e-03	,	0.00000000e+00	,	1
8	,	9	,	0.00000e+00	,	7.39200e+00	,	0.00000e+00	,	-1.75900e-03	,	0.00000000e+00	,	1
9	,	9	,	0.00000e+00	,	7.39200e+00	,	0.00000e+00	,	-5.29600e-03	,	0.00000000e+00	,	1
1	,	10	,	2.72636e-01	,	1.10880e+01	,	6.48600e+00	,	1.25730e-02	,	0.00000000e+00	,	1
2	,	10	,	2.72636e-01	,	1.10880e+01	,	6.48600e+00	,	5.68000e-03	,	0.00000000e+00	,	1
3	,	10	,	2.72636e-01	,	1.10880e+01	,	6.48600e+00	,	2.07600e-02	,	0.00000000e+00	,	1
4	,	10	,	2.72636e-01	,	1.10880e+01	,	6.48600e+00	,	-9.99500e-03	,	0.00000000e+00	,	1
5	,	10	,	2.72636e-01	,	1.10880e+01	,	6.48600e+00	,	7.40400e-03	,	0.00000000e+00	,	1
6	,	10	,	0.00000e+00	,	7.39200e+00	,	0.00000e+00	,	2.80900e-03	,	0.00000000e+00	,	1
7	,	10	,	0.00000e+00	,	7.39200e+00	,	0.00000e+00	,	1.51300e-02	,	0.00000000e+00	,	1
8	,	10	,	0.00000e+00	,	7.39200e+00	,	0.00000e+00	,	1.38840e-02	,	0.00000000e+00	,	1
9	,	10	,	0.00000e+00	,	7.39200e+00	,	0.00000e+00	,	-1.11800e-03	,	0.00000000e+00	,	1
10	,	10	,	0.00000e+00	,	7.39200e+00	,	0.00000e+00	,	-1.02920e-02	,	0.00000000e+00	,	1
11	,	11	,	0.00000e+00	,	7.39200e+00	,	0.00000e+00	,	-5.09200e-03	,	0.00000000e+00	,	1
4	,	12	,	5.14114e+00	,	1.10880e+01	,	1.09743e+01	,	-1.95000e-04	,	0.00000000e+00	,	1
5	,	12	,	5.14114e+00	,	1.10880e+01	,	1.09743e+01	,	-1.28000e-04	,	0.00000000e+00	,	1
11	,	12	,	0.00000e+00	,	7.39200e+00	,	0.00000e+00	,	-4.28700e-03	,	0.00000000e+00	,	1
12	,	12	,	0.00000e+00	,	7.39200e+00	,	0.00000e+00	,	2.93300e-02	,	0.00000000e+00	,	1
11	,	13	,	0.00000e+00	,	7.39200e+00	,	0.00000e+00	,	-2.36200e-03	,	0.00000000e+00	,	1
12	,	13	,	0.00000e+00	,	7.39200e+00	,	0.00000e+00	,	1.61060e-02	,	0.00000000e+00	,	1
13	,	13	,	0.00000e+00	,	7.39200e+00	,	0.00000e+00	,	2.07650e-02	,	0.00000000e+00	,	1
2	,	14	,	5.14114e+00	,	1.10880e+01	,	1.09743e+01	,	1.95000e-04	,	0.00000000e+00	,	1
11	,	14	,	0.00000e+00	,	7.39200e+00	,	0.00000e+00	,	1.46900e-03	,	0.00000000e+00	,	1
12	,	14	,	0.00000e+00	,	7.39200e+00	,	0.00000e+00	,	-6.90000e-03	,	0.00000000e+00	,	1
13	,	14	,	0.00000e+00	,	7.39200e+00	,	0.00000e+00	,	1.75800e-03	,	0.00000000e+00	,	1
14	,	14	,	0.00000e+00	,	7.39200e+00	,	0.00000e+00	,	-5.29600e-03	,	0.00000000e+00	,	1
2	,	15	,	5.14114e+00	,	1.10880e+01	,	1.09743e+01	,	1.28000e-04	,	0.00000000e+00	,	1
5	,	15	,	5.14114e+00	,	1.10880e+01	,	1.09743e+01	,	1.96000e-04	,	0.00000000e+00	,	1
11	,	15	,	0.00000e+00	,	7.39200e+00	,	0.00000e+00	,	2.80900e-03	,	0.00000000e+00	,	1
12	,	15	,	0.00000e+00	,	7.39200e+00	,	0.00000e+00	,	-1.51310e-02	,	0.00000000e+00	,	1
13	,	15	,	0.00000e+00	,	7.39200e+00	,	0.00000e+00	,	-1.38840e-02	,	0.00000000e+00	,	1
14	,	15	,	0.00000e+00	,	7.39200e+00	,	0.00000e+00	,	-1.11800e-03	,	0.00000000e+00	,	1
15	,	15	,	0.00000e+00	,	7.39200e+00	,	0.00000e+00	,	-1.02910e-02	,	0.00000000e+00	,	1
1	,	16	,	4.86850e+00	,	7.39200e+00	,	4.48831e+00	,	2.78100e-03	,	0.00000000e+00	,	1
2	,	16	,	4.86850e+00	,	7.39200e+00	,	4.48831e+00	,	1.71300e-03	,	0.00000000e+00	,	1
3	,	16	,	4.86850e+00	,	7.39200e+00	,	4.48831e+00	,	2.18100e-03	,	0.00000000e+00	,	1
4	,	16	,	4.86850e+00	,	7.39200e+00	,	4.48831e+00	,	-5.29000e-04	,	0.00000000e+00	,	1
5	,	16	,	4.86850e+00	,	7.39200e+00	,	4.48831e+00	,	9.15000e-04	,	0.00000000e+00	,	1
11	,	16	,	-2.72636e-01	,	3.69600e+00	,	-6.48600e+00	,	-1.65000e-04	,	0.00000000e+00	,	1
12	,	16	,	-2.72636e-01	,	3.69600e+00	,	-6.48600e+00	,	1.72000e-04	,	0.00000000e+00	,	1
14	,	16	,	-2.72636e-01	,	3.69600e+00	,	-6.48600e+00	,	1.56000e-04	,	0.00000000e+00	,	1
15	,	16	,	-2.72636e-01	,	3.69600e+00	,	-6.48600e+00	,	-4.10000e-04	,	0.00000000e+00	,	1
16	,	16	,	0.00000e+00	,	7.39200e+00	,	0.00000e+00	,	-5.09200e-03	,	0.00000000e+00	,	1
1	,	17	,	4.86850e+00	,	7.39200e+00	,	4.48831e+00	,	9.22000e-04	,	0.00000000e+00	,	1
2	,	17	,	4.86850e+00	,	7.39200e+00	,	4.48831e+00	,	5.23000e-04	,	0.00000000e+00	,	1
3	,	17	,	4.86850e+00	,	7.39200e+00	,	4.48831e+00	,	2.65000e-04	,	0.00000000e+00	,	1
4	,	17	,	4.86850e+00	,	7.39200e+00	,	4.48831e+00	,	2.43000e-04	,	0.00000000e+00	,	1
9	,	17	,	4.59586e+00	,	3.69600e+00	,	-1.99769e+00	,	1.95000e-04	,	0.00000000e+00	,	1
10	,	17	,	4.59586e+00	,	3.69600e+00	,	-1.99769e+00	,	1.29000e-04	,	0.00000000e+00	,	1
16	,	17	,	0.00000e+00	,	7.39200e+00	,	0.00000e+00	,	4.28600e-03	,	0.00000000e+00	,	1
17	,	17	,	0.00000e+00	,	7.39200e+00	,	0.00000e+00	,	2.93300e-02	,	0.00000000e+00	,	1
1	,	18	,	4.86850e+00	,	7.39200e+00	,	4.48831e+00	,	-4.67600e-03	,	0.00000000e+00	,	1
2	,	18	,	4.86850e+00	,	7.39200e+00	,	4.48831e+00	,	-2.31400e-03	,	0.00000000e+00	,	1
3	,	18	,	4.86850e+00	,	7.39200e+00	,	4.48831e+00	,	-1.96600e-03	,	0.00000000e+00	,	1
5	,	18	,	4.86850e+00	,	7.39200e+00	,	4.48831e+00	,	-5.36000e-04	,	0.00000000e+00	,	1
10	,	18	,	4.59586e+00	,	3.69600e+00	,	-1.99769e+00	,	1.01000e-04	,	0.00000000e+00	,	1
11	,	18	,	-2.72636e-01	,	3.69600e+00	,	-6.48600e+00	,	3.18000e-04	,	0.00000000e+00	,	1
13	,	18	,	-2.72636e-01	,	3.69600e+00	,	-6.48600e+00	,	-1.23000e-04	,	0.00000000e+00	,	1
14	,	18	,	-2.72636e-01	,	3.69600e+00	,	-6.48600e+00	,	4.26000e-04	,	0.00000000e+00	,	1
15	,	18	,	-2.72636e-01	,	3.69600e+00	,	-6.48600e+00	,	4.32000e-04	,	0.00000000e+00	,	1
16	,	18	,	0.00000e+00	,	7.39200e+00	,	0.00000e+00	,	2.36100e-03	,	0.00000000e+00	,	1
17	,	18	,	0.00000e+00	,	7.39200e+00	,	0.00000e+00	,	1.61050e-02	,	0.00000000e+00	,	1
18	,	18	,	0.00000e+00	,	7.39200e+00	,	0.00000e+00	,	2.07650e-02	,	0.00000000e+00	,	1
1	,	19	,	4.86850e+00	,	7.39200e+00	,	4.48831e+00	,	1.50100e-03	,	0.00000000e+00	,	1
2	,	19	,	4.86850e+00	,	7.39200e+00	,	4.48831e+00	,	1.34600e-03	,	0.00000000e+00	,	1
3	,	19	,	4.86850e+00	,	7.39200e+00	,	4.48831e+00	,	1.30500e-03	,	0.00000000e+00	,	1
5	,	19	,	4.86850e+00	,	7.39200e+00	,	4.48831e+00	,	5.42000e-04	,	0.00000000e+00	,	1
7	,	19	,	4.59586e+00	,	3.69600e+00	,	-1.99769e+00	,	-1.95000e-04	,	0.00000000e+00	,	1
9	,	19	,	4.59586e+00	,	3.69600e+00	,	-1.99769e+00	,	1.01000e-04	,	0.00000000e+00	,	1
11	,	19	,	-2.72636e-01	,	3.69600e+00	,	-6.48600e+00	,	-5.62000e-04	,	0.00000000e+00	,	1
12	,	19	,	-2.72636e-01	,	3.69600e+00	,	-6.48600e+00	,	2.91000e-04	,	0.00000000e+00	,	1
13	,	19	,	-2.72636e-01	,	3.69600e+00	,	-6.48600e+00	,	2.23000e-04	,	0.00000000e+00	,	1
14	,	19	,	-2.72636e-01	,	3.69600e+00	,	-6.48600e+00	,	-2.39000e-04	,	0.00000000e+00	,	1
15	,	19	,	-2.72636e-01	,	3.69600e+00	,	-6.48600e+00	,	-8.70000e-04	,	0.00000000e+00	,	1
16	,	19	,	0.00000e+00	,	7.39200e+00	,	0.00000e+00	,	1.46800e-03	,	0.00000000e+00	,	1
17	,	19	,	0.00000e+00	,	7.39200e+00	,	0.00000e+00	,	6.90100e-03	,	0.00000000e+00	,	1
18	,	19	,	0.00000e+00	,	7.39200e+00	,	0.00000e+00	,	-1.75800e-03	,	0.00000000e+00	,	1
19	,	19	,	0.00000e+00	,	7.39200e+00	,	0.00000e+00	,	-5.29600e-03	,	0.00000000e+00	,	1
1	,	20	,	4.86850e+00	,	7.39200e+00	,	4.48831e+00	,	-2.57900e-03	,	0.00000000e+00	,	1
2	,	20	,	4.86850e+00	,	7.39200e+00	,	4.48831e+00	,	-2.27400e-03	,	0.00000000e+00	,	1
3	,	20	,	4.86850e+00	,	7.39200e+00	,	4.48831e+00	,	-2.04700e-03	,	0.00000000e+00	,	1
5	,	20	,	4.86850e+00	,	7.39200e+00	,	4.48831e+00	,	-1.00100e-03	,	0.00000000e+00	,	1
7	,	20	,	4.59586e+00	,	3.69600e+00	,	-1.99769e+00	,	-1.29000e-04	,	0.00000000e+00	,	1
8	,	20	,	4.59586e+00	,	3.69600e+00	,	-1.99769e+00	,	-1.01000e-04	,	0.00000000e+00	,	1
10	,	20	,	4.59586e+00	,	3.69600e+00	,	-1.99769e+00	,	1.95000e-04	,	0.00000000e+00	,	1
11	,	20	,	-2.72636e-01	,	3.69600e+00	,	-6.48600e+00	,	2.85000e-04	,	0.00000000e+00	,	1
13	,	20	,	-2.72636e-01	,	3.69600e+00	,	-6.48600e+00	,	-2.58000e-04	,	0.00000000e+00	,	1
14	,	20	,	-2.72636e-01	,	3.69600e+00	,	-6.48600e+00	,	4.32000e-04	,	0.00000000e+00	,	1
15	,	20	,	-2.72636e-01	,	3.69600e+00	,	-6.48600e+00	,	4.76000e-04	,	0.00000000e+00	,	1
16	,	20	,	0.00000e+00	,	7.39200e+00	,	0.00000e+00	,	2.80900e-03	,	0.00000000e+00	,	1
17	,	20	,	0.00000e+00	,	7.39200e+00	,	0.00000e+00	,	1.51310e-02	,	0.00000000e+00	,	1
18	,	20	,	0.00000e+00	,	7.39200e+00	,	0.00000e+00	,	1.38840e-02	,	0.00000000e+00	,	1
19	,	20	,	0.00000e+00	,	7.39200e+00	,	0.00000e+00	,	-1.11700e-03	,	0.00000000e+00	,	1
20	,	20	,	0.00000e+00	,	7.39200e+00	,	0.00000e+00	,	-1.02920e-02	,	0.00000000e+00	,	1
1	,	1	,	0.00000e+00	,	7.39200e+00	,	1.29720e+01	,	1.23000e-04	,	0.00000000e+00	,	1
1	,	2	,	0.00000e+00	,	7.39200e+00	,	1.29720e+01	,	1.53000e-04	,	0.00000000e+00	,	1
1	,	5	,	0.00000e+00	,	7.39200e+00	,	1.29720e+01	,	1.43000e-04	,	0.00000000e+00	,	1
3	,	5	,	0.00000e+00	,	7.39200e+00	,	1.29720e+01	,	3.63000e-04	,	0.00000000e+00	,	1
4	,	5	,	0.00000e+00	,	7.39200e+00	,	1.29720e+01	,	-2.60000e-04	,	0.00000000e+00	,	1
5	,	5	,	0.00000e+00	,	7.39200e+00	,	1.29720e+01	,	1.22000e-04	,	0.00000000e+00	,	1
6	,	6	,	0.00000e+00	,	7.39200e+00	,	1.29720e+01	,	1.23000e-04	,	0.00000000e+00	,	1
6	,	7	,	0.00000e+00	,	7.39200e+00	,	1.29720e+01	,	-1.54000e-04	,	0.00000000e+00	,	1
6	,	10	,	0.00000e+00	,	7.39200e+00	,	1.29720e+01	,	1.42000e-04	,	0.00000000e+00	,	1
8	,	10	,	0.00000e+00	,	7.39200e+00	,	1.29720e+01	,	-3.64000e-04	,	0.00000000e+00	,	1
9	,	10	,	0.00000e+00	,	7.39200e+00	,	1.29720e+01	,	-2.59000e-04	,	0.00000000e+00	,	1
10	,	10	,	0.00000e+00	,	7.39200e+00	,	1.29720e+01	,	1.22000e-04	,	0.00000000e+00	,	1
11	,	11	,	0.00000e+00	,	7.39200e+00	,	1.29720e+01	,	1.23000e-04	,	0.00000000e+00	,	1
6	,	13	,	4.86850e+00	,	7.39200e+00	,	1.74603e+01	,	1.31000e-04	,	0.00000000e+00	,	1
11	,	13	,	0.00000e+00	,	7.39200e+00	,	1.29720e+01	,	-1.95000e-04	,	0.00000000e+00	,	1
12	,	13	,	0.00000e+00	,	7.39200e+00	,	1.29720e+01	,	2.13000e-04	,	0.00000000e+00	,	1
11	,	14	,	0.00000e+00	,	7.39200e+00	,	1.29720e+01	,	-1.09000e-04	,	0.00000000e+00	,	1
12	,	14	,	0.00000e+00	,	7.39200e+00	,	1.29720e+01	,	1.58000e-04	,	0.00000000e+00	,	1
15	,	15	,	0.00000e+00	,	7.39200e+00	,	1.29720e+01	,	1.22000e-04	,	0.00000000e+00	,	1
16	,	16	,	0.00000e+00	,	7.39200e+00	,	1.29720e+01	,	1.23000e-04	,	0.00000000e+00	,	1
16	,	18	,	0.00000e+00	,	7.39200e+00	,	1.29720e+01	,	1.94000e-04	,	0.00000000e+00	,	1
17	,	18	,	0.00000e+00	,	7.39200e+00	,	1.29720e+01	,	2.14000e-04	,	0.00000000e+00	,	1
16	,	19	,	0.00000e+00	,	7.39200e+00	,	1.29720e+01	,	-1.09000e-04	,	0.00000000e+00	,	1
17	,	19	,	0.00000e+00	,	7.39200e+00	,	1.29720e+01	,	-1.59000e-04	,	0.00000000e+00	,	1
20	,	20	,	0.00000e+00	,	7.39200e+00	,	1.29720e+01	,	1.22000e-04	,	0.00000000e+00	,	1
3	,	6	,	2.72636e-01	,	1.84800e+01	,	-6.48600e+00	,	-1.34000e-04	,	0.00000000e+00	,	1
1	,	7	,	2.72636e-01	,	1.84800e+01	,	-6.48600e+00	,	1.84000e-04	,	0.00000000e+00	,	1
2	,	7	,	2.72636e-01	,	1.84800e+01	,	-6.48600e+00	,	-1.04000e-04	,	0.00000000e+00	,	1
5	,	7	,	2.72636e-01	,	1.84800e+01	,	-6.48600e+00	,	2.20000e-04	,	0.00000000e+00	,	1
2	,	8	,	2.72636e-01	,	1.84800e+01	,	-6.48600e+00	,	-2.62000e-04	,	0.00000000e+00	,	1
3	,	8	,	2.72636e-01	,	1.84800e+01	,	-6.48600e+00	,	-1.08000e-04	,	0.00000000e+00	,	1
2	,	9	,	2.72636e-01	,	1.84800e+01	,	-6.48600e+00	,	1.19000e-04	,	0.00000000e+00	,	1
2	,	10	,	2.72636e-01	,	1.84800e+01	,	-6.48600e+00	,	-1.12000e-04	,	0.00000000e+00	,	1
1	,	1	,	0.00000e+00	,	1.47840e+01	,	0.00000e+00	,	-1.57000e-04	,	0.00000000e+00	,	1
1	,	2	,	0.00000e+00	,	1.47840e+01	,	0.00000e+00	,	-1.15000e-04	,	0.00000000e+00	,	1
2	,	2	,	0.00000e+00	,	1.47840e+01	,	0.00000e+00	,	7.14000e-04	,	0.00000000e+00	,	1
2	,	3	,	0.00000e+00	,	1.47840e+01	,	0.00000e+00	,	4.60000e-04	,	0.00000000e+00	,	1
3	,	3	,	0.00000e+00	,	1.47840e+01	,	0.00000e+00	,	4.35000e-04	,	0.00000000e+00	,	1
2	,	4	,	0.00000e+00	,	1.47840e+01	,	0.00000e+00	,	-1.35000e-04	,	0.00000000e+00	,	1
2	,	5	,	0.00000e+00	,	1.47840e+01	,	0.00000e+00	,	-3.92000e-04	,	0.00000000e+00	,	1
3	,	5	,	0.00000e+00	,	1.47840e+01	,	0.00000e+00	,	-3.17000e-04	,	0.00000000e+00	,	1
5	,	5	,	0.00000e+00	,	1.47840e+01	,	0.00000e+00	,	-2.61000e-04	,	0.00000000e+00	,	1
2	,	6	,	2.72636e-01	,	1.84800e+01	,	6.48600e+00	,	1.84000e-04	,	0.00000000e+00	,	1
6	,	6	,	0.00000e+00	,	1.47840e+01	,	0.00000e+00	,	-1.56000e-04	,	0.00000000e+00	,	1
2	,	7	,	2.72636e-01	,	1.84800e+01	,	6.48600e+00	,	-1.05000e-04	,	0.00000000e+00	,	1
3	,	7	,	2.72636e-01	,	1.84800e+01	,	6.48600e+00	,	-2.62000e-04	,	0.00000000e+00	,	1
4	,	7	,	2.72636e-01	,	1.84800e+01	,	6.48600e+00	,	1.19000e-04	,	0.00000000e+00	,	1
5	,	7	,	2.72636e-01	,	1.84800e+01	,	6.48600e+00	,	-1.11000e-04	,	0.00000000e+00	,	1
6	,	7	,	0.00000e+00	,	1.47840e+01	,	0.00000e+00	,	1.15000e-04	,	0.00000000e+00	,	1
7	,	7	,	0.00000e+00	,	1.47840e+01	,	0.00000e+00	,	7.15000e-04	,	0.00000000e+00	,	1
1	,	8	,	2.72636e-01	,	1.84800e+01	,	6.48600e+00	,	-1.35000e-04	,	0.00000000e+00	,	1
3	,	8	,	2.72636e-01	,	1.84800e+01	,	6.48600e+00	,	-1.07000e-04	,	0.00000000e+00	,	1
7	,	8	,	0.00000e+00	,	1.47840e+01	,	0.00000e+00	,	4.60000e-04	,	0.00000000e+00	,	1
8	,	8	,	0.00000e+00	,	1.47840e+01	,	0.00000e+00	,	4.34000e-04	,	0.00000000e+00	,	1
2	,	9	,	2.72636e-01	,	1.84800e+01	,	6.48600e+00	,	-1.01000e-04	,	0.00000000e+00	,	1
7	,	9	,	0.00000e+00	,	1.47840e+01	,	0.00000e+00	,	1.35000e-04	,	0.00000000e+00	,	1
2	,	10	,	2.72636e-01	,	1.84800e+01	,	6.48600e+00	,	2.19000e-04	,	0.00000000e+00	,	1
7	,	10	,	0.00000e+00	,	1.47840e+01	,	0.00000e+00	,	3.93000e-04	,	0.00000000e+00	,	1
8	,	10	,	0.00000e+00	,	1.47840e+01	,	0.00000e+00	,	3.18000e-04	,	0.00000000e+00	,	1
10	,	10	,	0.00000e+00	,	1.47840e+01	,	0.00000e+00	,	-2.61000e-04	,	0.00000000e+00	,	1
11	,	11	,	0.00000e+00	,	1.47840e+01	,	0.00000e+00	,	-1.57000e-04	,	0.00000000e+00	,	1
11	,	12	,	0.00000e+00	,	1.47840e+01	,	0.00000e+00	,	-1.14000e-04	,	0.00000000e+00	,	1
12	,	12	,	0.00000e+00	,	1.47840e+01	,	0.00000e+00	,	7.14000e-04	,	0.00000000e+00	,	1
12	,	13	,	0.00000e+00	,	1.47840e+01	,	0.00000e+00	,	4.60000e-04	,	0.00000000e+00	,	1
13	,	13	,	0.00000e+00	,	1.47840e+01	,	0.00000e+00	,	4.35000e-04	,	0.00000000e+00	,	1
12	,	14	,	0.00000e+00	,	1.47840e+01	,	0.00000e+00	,	-1.35000e-04	,	0.00000000e+00	,	1
12	,	15	,	0.00000e+00	,	1.47840e+01	,	0.00000e+00	,	-3.92000e-04	,	0.00000000e+00	,	1
13	,	15	,	0.00000e+00	,	1.47840e+01	,	0.00000e+00	,	-3.18000e-04	,	0.00000000e+00	,	1
15	,	15	,	0.00000e+00	,	1.47840e+01	,	0.00000e+00	,	-2.61000e-04	,	0.00000000e+00	,	1
16	,	16	,	0.00000e+00	,	1.47840e+01	,	0.00000e+00	,	-1.56000e-04	,	0.00000000e+00	,	1
16	,	17	,	0.00000e+00	,	1.47840e+01	,	0.00000e+00	,	1.15000e-04	,	0.00000000e+00	,	1
17	,	17	,	0.00000e+00	,	1.47840e+01	,	0.00000e+00	,	7.15000e-04	,	0.00000000e+00	,	1
1	,	18	,	4.86850e+00	,	1.47840e+01	,	4.48831e+00	,	-1.32000e-04	,	0.00000000e+00	,	1
17	,	18	,	0.00000e+00	,	1.47840e+01	,	0.00000e+00	,	4.60000e-04	,	0.00000000e+00	,	1
18	,	18	,	0.00000e+00	,	1.47840e+01	,	0.00000e+00	,	4.34000e-04	,	0.00000000e+00	,	1
17	,	19	,	0.00000e+00	,	1.47840e+01	,	0.00000e+00	,	1.35000e-04	,	0.00000000e+00	,	1
17	,	20	,	0.00000e+00	,	1.47840e+01	,	0.00000e+00	,	3.91000e-04	,	0.00000000e+00	,	1
18	,	20	,	0.00000e+00	,	1.47840e+01	,	0.00000e+00	,	3.18000e-04	,	0.00000000e+00	,	1
20	,	20	,	0.00000e+00	,	1.47840e+01	,	0.00000e+00	,	-2.61000e-04	,	0.00000000e+00	,	1
8	,	11	,	1.46055e+01	,	-2.21760e+01	,	1.74603e+01	,	-1.32000e-04	,	0.00000000e+00	,	1
2	,	12	,	1.48781e+01	,	-1.10880e+01	,	1.09743e+01	,	1.11000e-04	,	0.00000000e+00	,	1
4	,	12	,	1.48781e+01	,	-1.10880e+01	,	1.09743e+01	,	-2.20000e-04	,	0.00000000e+00	,	1
6	,	12	,	1.46055e+01	,	-1.47840e+01	,	4.48831e+00	,	1.29000e-04	,	0.00000000e+00	,	1
4	,	13	,	1.48781e+01	,	-1.10880e+01	,	1.09743e+01	,	-1.02000e-04	,	0.00000000e+00	,	1
2	,	14	,	1.48781e+01	,	-1.10880e+01	,	1.09743e+01	,	2.20000e-04	,	0.00000000e+00	,	1
3	,	14	,	1.48781e+01	,	-1.10880e+01	,	1.09743e+01	,	1.02000e-04	,	0.00000000e+00	,	1
6	,	14	,	1.46055e+01	,	-1.47840e+01	,	4.48831e+00	,	1.05000e-04	,	0.00000000e+00	,	1
7	,	14	,	1.46055e+01	,	-1.47840e+01	,	4.48831e+00	,	-1.03000e-04	,	0.00000000e+00	,	1
5	,	15	,	1.48781e+01	,	-1.10880e+01	,	1.09743e+01	,	-1.11000e-04	,	0.00000000e+00	,	1
9	,	15	,	1.46055e+01	,	-1.47840e+01	,	4.48831e+00	,	-1.59000e-04	,	0.00000000e+00	,	1
6	,	11	,	1.46055e+01	,	-1.47840e+01	,	1.74603e+01	,	2.78200e-03	,	0.00000000e+00	,	1
7	,	11	,	1.46055e+01	,	-1.47840e+01	,	1.74603e+01	,	9.23000e-04	,	0.00000000e+00	,	1
8	,	11	,	1.46055e+01	,	-1.47840e+01	,	1.74603e+01	,	-4.67500e-03	,	0.00000000e+00	,	1
9	,	11	,	1.46055e+01	,	-1.47840e+01	,	1.74603e+01	,	1.50100e-03	,	0.00000000e+00	,	1
10	,	11	,	1.46055e+01	,	-1.47840e+01	,	1.74603e+01	,	-2.58000e-03	,	0.00000000e+00	,	1
6	,	12	,	1.46055e+01	,	-1.47840e+01	,	1.74603e+01	,	1.71300e-03	,	0.00000000e+00	,	1
7	,	12	,	1.46055e+01	,	-1.47840e+01	,	1.74603e+01	,	5.23000e-04	,	0.00000000e+00	,	1
8	,	12	,	1.46055e+01	,	-1.47840e+01	,	1.74603e+01	,	-2.31400e-03	,	0.00000000e+00	,	1
9	,	12	,	1.46055e+01	,	-1.47840e+01	,	1.74603e+01	,	1.34500e-03	,	0.00000000e+00	,	1
10	,	12	,	1.46055e+01	,	-1.47840e+01	,	1.74603e+01	,	-2.27300e-03	,	0.00000000e+00	,	1
6	,	13	,	1.46055e+01	,	-1.47840e+01	,	1.74603e+01	,	2.18000e-03	,	0.00000000e+00	,	1
7	,	13	,	1.46055e+01	,	-1.47840e+01	,	1.74603e+01	,	2.65000e-04	,	0.00000000e+00	,	1
8	,	13	,	1.46055e+01	,	-1.47840e+01	,	1.74603e+01	,	-1.96600e-03	,	0.00000000e+00	,	1
9	,	13	,	1.46055e+01	,	-1.47840e+01	,	1.74603e+01	,	1.30600e-03	,	0.00000000e+00	,	1
10	,	13	,	1.46055e+01	,	-1.47840e+01	,	1.74603e+01	,	-2.04800e-03	,	0.00000000e+00	,	1
6	,	14	,	1.46055e+01	,	-1.47840e+01	,	1.74603e+01	,	-5.29000e-04	,	0.00000000e+00	,	1
7	,	14	,	1.46055e+01	,	-1.47840e+01	,	1.74603e+01	,	2.44000e-04	,	0.00000000e+00	,	1
6	,	15	,	1.46055e+01	,	-1.47840e+01	,	1.74603e+01	,	9.15000e-04	,	0.00000000e+00	,	1
8	,	15	,	1.46055e+01	,	-1.47840e+01	,	1.74603e+01	,	-5.37000e-04	,	0.00000000e+00	,	1
9	,	15	,	1.46055e+01	,	-1.47840e+01	,	1.74603e+01	,	5.42000e-04	,	0.00000000e+00	,	1
10	,	15	,	1.46055e+01	,	-1.47840e+01	,	1.74603e+01	,	-1.00100e-03	,	0.00000000e+00	,	1
4	,	11	,	1.48781e+01	,	-3.69600e+00	,	-1.99769e+00	,	1.11000e-04	,	0.00000000e+00	,	1
1	,	14	,	1.48781e+01	,	-3.69600e+00	,	-1.99769e+00	,	1.11000e-04	,	0.00000000e+00	,	1
4	,	14	,	1.48781e+01	,	-3.69600e+00	,	-1.99769e+00	,	-1.48000e-04	,	0.00000000e+00	,	1
1	,	3	,	9.73700e+00	,	-7.39200e+00	,	0.00000e+00	,	-4.89000e-04	,	0.00000000e+00	,	1
2	,	3	,	9.73700e+00	,	-7.39200e+00	,	0.00000e+00	,	8.09000e-04	,	0.00000000e+00	,	1
1	,	4	,	9.73700e+00	,	-7.39200e+00	,	0.00000e+00	,	3.10000e-04	,	0.00000000e+00	,	1
2	,	4	,	9.73700e+00	,	-7.39200e+00	,	0.00000e+00	,	-9.77000e-04	,	0.00000000e+00	,	1
3	,	4	,	9.73700e+00	,	-7.39200e+00	,	0.00000e+00	,	-4.84000e-04	,	0.00000000e+00	,	1
4	,	4	,	9.73700e+00	,	-7.39200e+00	,	0.00000e+00	,	3.53000e-04	,	0.00000000e+00	,	1
1	,	5	,	9.73700e+00	,	-7.39200e+00	,	0.00000e+00	,	-4.02000e-04	,	0.00000000e+00	,	1
2	,	5	,	9.73700e+00	,	-7.39200e+00	,	0.00000e+00	,	1.12000e-04	,	0.00000000e+00	,	1
3	,	5	,	9.73700e+00	,	-7.39200e+00	,	0.00000e+00	,	1.33000e-04	,	0.00000000e+00	,	1
6	,	7	,	9.73700e+00	,	-7.39200e+00	,	0.00000e+00	,	-5.28000e-04	,	0.00000000e+00	,	1
6	,	8	,	9.73700e+00	,	-7.39200e+00	,	0.00000e+00	,	-2.46000e-04	,	0.00000000e+00	,	1
6	,	9	,	9.73700e+00	,	-7.39200e+00	,	0.00000e+00	,	1.88000e-04	,	0.00000000e+00	,	1
8	,	9	,	9.73700e+00	,	-7.39200e+00	,	0.00000e+00	,	-6.50000e-04	,	0.00000000e+00	,	1
9	,	9	,	9.73700e+00	,	-7.39200e+00	,	0.00000e+00	,	3.54000e-04	,	0.00000000e+00	,	1
6	,	10	,	9.73700e+00	,	-7.39200e+00	,	0.00000e+00	,	1.73000e-04	,	0.00000000e+00	,	1
9	,	10	,	9.73700e+00	,	-7.39200e+00	,	0.00000e+00	,	3.64000e-04	,	0.00000000e+00	,	1
1	,	11	,	1.48781e+01	,	-3.69600e+00	,	1.09743e+01	,	4.23700e-03	,	0.00000000e+00	,	1
2	,	11	,	1.48781e+01	,	-3.69600e+00	,	1.09743e+01	,	3.98200e-03	,	0.00000000e+00	,	1
3	,	11	,	1.48781e+01	,	-3.69600e+00	,	1.09743e+01	,	-1.90000e-04	,	0.00000000e+00	,	1
4	,	11	,	1.48781e+01	,	-3.69600e+00	,	1.09743e+01	,	-3.70300e-03	,	0.00000000e+00	,	1
5	,	11	,	1.48781e+01	,	-3.69600e+00	,	1.09743e+01	,	-2.08200e-03	,	0.00000000e+00	,	1
6	,	11	,	1.46055e+01	,	-7.39200e+00	,	4.48831e+00	,	2.94000e-04	,	0.00000000e+00	,	1
9	,	11	,	1.46055e+01	,	-7.39200e+00	,	4.48831e+00	,	-8.24000e-04	,	0.00000000e+00	,	1
10	,	11	,	1.46055e+01	,	-7.39200e+00	,	4.48831e+00	,	-4.11800e-03	,	0.00000000e+00	,	1
1	,	12	,	1.48781e+01	,	-3.69600e+00	,	1.09743e+01	,	-3.98200e-03	,	0.00000000e+00	,	1
2	,	12	,	1.48781e+01	,	-3.69600e+00	,	1.09743e+01	,	1.33160e-02	,	0.00000000e+00	,	1
3	,	12	,	1.48781e+01	,	-3.69600e+00	,	1.09743e+01	,	-3.15300e-03	,	0.00000000e+00	,	1
4	,	12	,	1.48781e+01	,	-3.69600e+00	,	1.09743e+01	,	-2.11480e-02	,	0.00000000e+00	,	1
5	,	12	,	1.48781e+01	,	-3.69600e+00	,	1.09743e+01	,	-7.32100e-03	,	0.00000000e+00	,	1
7	,	12	,	1.46055e+01	,	-7.39200e+00	,	4.48831e+00	,	3.02000e-04	,	0.00000000e+00	,	1
11	,	12	,	9.73700e+00	,	-7.39200e+00	,	0.00000e+00	,	5.28000e-04	,	0.00000000e+00	,	1
1	,	13	,	1.48781e+01	,	-3.69600e+00	,	1.09743e+01	,	1.90000e-04	,	0.00000000e+00	,	1
2	,	13	,	1.48781e+01	,	-3.69600e+00	,	1.09743e+01	,	-3.15300e-03	,	0.00000000e+00	,	1
3	,	13	,	1.48781e+01	,	-3.69600e+00	,	1.09743e+01	,	-3.95000e-04	,	0.00000000e+00	,	1
4	,	13	,	1.48781e+01	,	-3.69600e+00	,	1.09743e+01	,	3.93900e-03	,	0.00000000e+00	,	1
5	,	13	,	1.48781e+01	,	-3.69600e+00	,	1.09743e+01	,	3.07000e-04	,	0.00000000e+00	,	1
11	,	13	,	9.73700e+00	,	-7.39200e+00	,	0.00000e+00	,	2.47000e-04	,	0.00000000e+00	,	1
1	,	14	,	1.48781e+01	,	-3.69600e+00	,	1.09743e+01	,	-3.70300e-03	,	0.00000000e+00	,	1
2	,	14	,	1.48781e+01	,	-3.69600e+00	,	1.09743e+01	,	2.11480e-02	,	0.00000000e+00	,	1
3	,	14	,	1.48781e+01	,	-3.69600e+00	,	1.09743e+01	,	-3.93900e-03	,	0.00000000e+00	,	1
4	,	14	,	1.48781e+01	,	-3.69600e+00	,	1.09743e+01	,	-2.21970e-02	,	0.00000000e+00	,	1
5	,	14	,	1.48781e+01	,	-3.69600e+00	,	1.09743e+01	,	-7.23700e-03	,	0.00000000e+00	,	1
6	,	14	,	1.46055e+01	,	-7.39200e+00	,	4.48831e+00	,	-2.17000e-04	,	0.00000000e+00	,	1
10	,	14	,	1.46055e+01	,	-7.39200e+00	,	4.48831e+00	,	7.56500e-03	,	0.00000000e+00	,	1
11	,	14	,	9.73700e+00	,	-7.39200e+00	,	0.00000e+00	,	1.88000e-04	,	0.00000000e+00	,	1
13	,	14	,	9.73700e+00	,	-7.39200e+00	,	0.00000e+00	,	6.49000e-04	,	0.00000000e+00	,	1
14	,	14	,	9.73700e+00	,	-7.39200e+00	,	0.00000e+00	,	3.53000e-04	,	0.00000000e+00	,	1
1	,	15	,	1.48781e+01	,	-3.69600e+00	,	1.09743e+01	,	-2.08200e-03	,	0.00000000e+00	,	1
2	,	15	,	1.48781e+01	,	-3.69600e+00	,	1.09743e+01	,	7.32100e-03	,	0.00000000e+00	,	1
3	,	15	,	1.48781e+01	,	-3.69600e+00	,	1.09743e+01	,	-3.07000e-04	,	0.00000000e+00	,	1
4	,	15	,	1.48781e+01	,	-3.69600e+00	,	1.09743e+01	,	-7.23700e-03	,	0.00000000e+00	,	1
5	,	15	,	1.48781e+01	,	-3.69600e+00	,	1.09743e+01	,	-1.81100e-03	,	0.00000000e+00	,	1
6	,	15	,	1.46055e+01	,	-7.39200e+00	,	4.48831e+00	,	4.84000e-04	,	0.00000000e+00	,	1
9	,	15	,	1.46055e+01	,	-7.39200e+00	,	4.48831e+00	,	-1.69900e-03	,	0.00000000e+00	,	1
10	,	15	,	1.46055e+01	,	-7.39200e+00	,	4.48831e+00	,	-2.42300e-03	,	0.00000000e+00	,	1
11	,	15	,	9.73700e+00	,	-7.39200e+00	,	0.00000e+00	,	1.73000e-04	,	0.00000000e+00	,	1
14	,	15	,	9.73700e+00	,	-7.39200e+00	,	0.00000e+00	,	3.63000e-04	,	0.00000000e+00	,	1
1	,	16	,	1.46055e+01	,	-7.39200e+00	,	4.48831e+00	,	1.65000e-04	,	0.00000000e+00	,	1
6	,	16	,	1.43329e+01	,	-1.10880e+01	,	-1.99769e+00	,	-1.74000e-04	,	0.00000000e+00	,	1
8	,	16	,	1.43329e+01	,	-1.10880e+01	,	-1.99769e+00	,	1.12000e-04	,	0.00000000e+00	,	1
9	,	16	,	1.43329e+01	,	-1.10880e+01	,	-1.99769e+00	,	-3.07000e-04	,	0.00000000e+00	,	1
10	,	16	,	1.43329e+01	,	-1.10880e+01	,	-1.99769e+00	,	-1.44000e-04	,	0.00000000e+00	,	1
6	,	18	,	1.43329e+01	,	-1.10880e+01	,	-1.99769e+00	,	-1.12000e-04	,	0.00000000e+00	,	1
9	,	18	,	1.43329e+01	,	-1.10880e+01	,	-1.99769e+00	,	-1.93000e-04	,	0.00000000e+00	,	1
16	,	18	,	9.73700e+00	,	-7.39200e+00	,	0.00000e+00	,	4.88000e-04	,	0.00000000e+00	,	1
17	,	18	,	9.73700e+00	,	-7.39200e+00	,	0.00000e+00	,	8.08000e-04	,	0.00000000e+00	,	1
1	,	19	,	1.46055e+01	,	-7.39200e+00	,	4.48831e+00	,	2.64000e-04	,	0.00000000e+00	,	1
2	,	19	,	1.46055e+01	,	-7.39200e+00	,	4.48831e+00	,	-1.41000e-04	,	0.00000000e+00	,	1
3	,	19	,	1.46055e+01	,	-7.39200e+00	,	4.48831e+00	,	-1.44000e-04	,	0.00000000e+00	,	1
6	,	19	,	1.43329e+01	,	-1.10880e+01	,	-1.99769e+00	,	-3.07000e-04	,	0.00000000e+00	,	1
8	,	19	,	1.43329e+01	,	-1.10880e+01	,	-1.99769e+00	,	1.93000e-04	,	0.00000000e+00	,	1
9	,	19	,	1.43329e+01	,	-1.10880e+01	,	-1.99769e+00	,	-5.31000e-04	,	0.00000000e+00	,	1
10	,	19	,	1.43329e+01	,	-1.10880e+01	,	-1.99769e+00	,	-2.30000e-04	,	0.00000000e+00	,	1
16	,	19	,	9.73700e+00	,	-7.39200e+00	,	0.00000e+00	,	3.09000e-04	,	0.00000000e+00	,	1
17	,	19	,	9.73700e+00	,	-7.39200e+00	,	0.00000e+00	,	9.77000e-04	,	0.00000000e+00	,	1
18	,	19	,	9.73700e+00	,	-7.39200e+00	,	0.00000e+00	,	4.84000e-04	,	0.00000000e+00	,	1
19	,	19	,	9.73700e+00	,	-7.39200e+00	,	0.00000e+00	,	3.54000e-04	,	0.00000000e+00	,	1
6	,	20	,	1.43329e+01	,	-1.10880e+01	,	-1.99769e+00	,	-1.44000e-04	,	0.00000000e+00	,	1
9	,	20	,	1.43329e+01	,	-1.10880e+01	,	-1.99769e+00	,	-2.30000e-04	,	0.00000000e+00	,	1
10	,	20	,	1.43329e+01	,	-1.10880e+01	,	-1.99769e+00	,	-1.56000e-04	,	0.00000000e+00	,	1
16	,	20	,	9.73700e+00	,	-7.39200e+00	,	0.00000e+00	,	-4.01000e-04	,	0.00000000e+00	,	1
17	,	20	,	9.73700e+00	,	-7.39200e+00	,	0.00000e+00	,	-1.11000e-04	,	0.00000000e+00	,	1
18	,	20	,	9.73700e+00	,	-7.39200e+00	,	0.00000e+00	,	-1.33000e-04	,	0.00000000e+00	,	1
1	,	11	,	1.48781e+01	,	-3.69600e+00	,	2.39463e+01	,	-6.99000e-04	,	0.00000000e+00	,	1
2	,	11	,	1.48781e+01	,	-3.69600e+00	,	2.39463e+01	,	3.56000e-04	,	0.00000000e+00	,	1
4	,	11	,	1.48781e+01	,	-3.69600e+00	,	2.39463e+01	,	-2.47000e-04	,	0.00000000e+00	,	1
6	,	11	,	1.46055e+01	,	-7.39200e+00	,	1.74603e+01	,	7.62000e-03	,	0.00000000e+00	,	1
9	,	11	,	1.46055e+01	,	-7.39200e+00	,	1.74603e+01	,	1.59270e-02	,	0.00000000e+00	,	1
10	,	11	,	1.46055e+01	,	-7.39200e+00	,	1.74603e+01	,	-2.35010e-02	,	0.00000000e+00	,	1
1	,	12	,	1.48781e+01	,	-3.69600e+00	,	2.39463e+01	,	-3.56000e-04	,	0.00000000e+00	,	1
5	,	12	,	1.48781e+01	,	-3.69600e+00	,	2.39463e+01	,	1.13000e-04	,	0.00000000e+00	,	1
7	,	12	,	1.46055e+01	,	-7.39200e+00	,	1.74603e+01	,	-1.67000e-04	,	0.00000000e+00	,	1
8	,	12	,	1.46055e+01	,	-7.39200e+00	,	1.74603e+01	,	-5.07000e-03	,	0.00000000e+00	,	1
7	,	13	,	1.46055e+01	,	-7.39200e+00	,	1.74603e+01	,	4.38000e-04	,	0.00000000e+00	,	1
8	,	13	,	1.46055e+01	,	-7.39200e+00	,	1.74603e+01	,	2.54900e-03	,	0.00000000e+00	,	1
1	,	14	,	1.48781e+01	,	-3.69600e+00	,	2.39463e+01	,	-2.47000e-04	,	0.00000000e+00	,	1
6	,	14	,	1.46055e+01	,	-7.39200e+00	,	1.74603e+01	,	-2.26400e-03	,	0.00000000e+00	,	1
9	,	14	,	1.46055e+01	,	-7.39200e+00	,	1.74603e+01	,	-5.41000e-03	,	0.00000000e+00	,	1
10	,	14	,	1.46055e+01	,	-7.39200e+00	,	1.74603e+01	,	2.54500e-03	,	0.00000000e+00	,	1
2	,	15	,	1.48781e+01	,	-3.69600e+00	,	2.39463e+01	,	-1.13000e-04	,	0.00000000e+00	,	1
6	,	15	,	1.46055e+01	,	-7.39200e+00	,	1.74603e+01	,	2.51000e-04	,	0.00000000e+00	,	1
9	,	15	,	1.46055e+01	,	-7.39200e+00	,	1.74603e+01	,	-4.49400e-03	,	0.00000000e+00	,	1
10	,	15	,	1.46055e+01	,	-7.39200e+00	,	1.74603e+01	,	7.94300e-03	,	0.00000000e+00	,	1
2	,	6	,	1.00096e+01	,	3.69600e+00	,	-6.48600e+00	,	1.10000e-04	,	0.00000000e+00	,	1
4	,	6	,	1.00096e+01	,	3.69600e+00	,	-6.48600e+00	,	-5.99000e-04	,	0.00000000e+00	,	1
1	,	7	,	1.00096e+01	,	3.69600e+00	,	-6.48600e+00	,	-3.40000e-04	,	0.00000000e+00	,	1
4	,	7	,	1.00096e+01	,	3.69600e+00	,	-6.48600e+00	,	6.05000e-04	,	0.00000000e+00	,	1
5	,	7	,	1.00096e+01	,	3.69600e+00	,	-6.48600e+00	,	-3.32000e-04	,	0.00000000e+00	,	1
2	,	8	,	1.00096e+01	,	3.69600e+00	,	-6.48600e+00	,	1.60000e-04	,	0.00000000e+00	,	1
1	,	9	,	1.00096e+01	,	3.69600e+00	,	-6.48600e+00	,	2.82000e-04	,	0.00000000e+00	,	1
4	,	9	,	1.00096e+01	,	3.69600e+00	,	-6.48600e+00	,	-3.64000e-04	,	0.00000000e+00	,	1
5	,	9	,	1.00096e+01	,	3.69600e+00	,	-6.48600e+00	,	2.32000e-04	,	0.00000000e+00	,	1
4	,	11	,	1.48781e+01	,	3.69600e+00	,	-1.99769e+00	,	1.12000e-04	,	0.00000000e+00	,	1
1	,	14	,	1.48781e+01	,	3.69600e+00	,	-1.99769e+00	,	1.12000e-04	,	0.00000000e+00	,	1
4	,	14	,	1.48781e+01	,	3.69600e+00	,	-1.99769e+00	,	-1.49000e-04	,	0.00000000e+00	,	1
4	,	16	,	1.46055e+01	,	0.00000e+00	,	-8.48369e+00	,	1.05000e-04	,	0.00000000e+00	,	1
1	,	19	,	1.46055e+01	,	0.00000e+00	,	-8.48369e+00	,	-1.01000e-04	,	0.00000000e+00	,	1
4	,	19	,	1.46055e+01	,	0.00000e+00	,	-8.48369e+00	,	1.75000e-04	,	0.00000000e+00	,	1
16	,	20	,	9.73700e+00	,	0.00000e+00	,	-1.29720e+01	,	1.01000e-04	,	0.00000000e+00	,	1
1	,	1	,	9.73700e+00	,	0.00000e+00	,	0.00000e+00	,	-5.16000e-04	,	0.00000000e+00	,	1
2	,	3	,	9.73700e+00	,	0.00000e+00	,	0.00000e+00	,	-4.36000e-04	,	0.00000000e+00	,	1
3	,	3	,	9.73700e+00	,	0.00000e+00	,	0.00000e+00	,	-1.88000e-03	,	0.00000000e+00	,	1
1	,	4	,	9.73700e+00	,	0.00000e+00	,	0.00000e+00	,	-1.24400e-03	,	0.00000000e+00	,	1
4	,	4	,	9.73700e+00	,	0.00000e+00	,	0.00000e+00	,	-2.95000e-03	,	0.00000000e+00	,	1
1	,	5	,	9.73700e+00	,	0.00000e+00	,	0.00000e+00	,	3.88000e-04	,	0.00000000e+00	,	1
4	,	5	,	9.73700e+00	,	0.00000e+00	,	0.00000e+00	,	-1.62000e-04	,	0.00000000e+00	,	1
5	,	5	,	9.73700e+00	,	0.00000e+00	,	0.00000e+00	,	-1.58900e-03	,	0.00000000e+00	,	1
2	,	6	,	1.00096e+01	,	3.69600e+00	,	6.48600e+00	,	-3.40000e-04	,	0.00000000e+00	,	1
4	,	6	,	1.00096e+01	,	3.69600e+00	,	6.48600e+00	,	2.82000e-04	,	0.00000000e+00	,	1
6	,	6	,	9.73700e+00	,	0.00000e+00	,	0.00000e+00	,	-5.15000e-04	,	0.00000000e+00	,	1
1	,	7	,	1.00096e+01	,	3.69600e+00	,	6.48600e+00	,	1.10000e-04	,	0.00000000e+00	,	1
3	,	7	,	1.00096e+01	,	3.69600e+00	,	6.48600e+00	,	1.60000e-04	,	0.00000000e+00	,	1
7	,	8	,	9.73700e+00	,	0.00000e+00	,	0.00000e+00	,	-1.66000e-04	,	0.00000000e+00	,	1
8	,	8	,	9.73700e+00	,	0.00000e+00	,	0.00000e+00	,	-1.88100e-03	,	0.00000000e+00	,	1
1	,	9	,	1.00096e+01	,	3.69600e+00	,	6.48600e+00	,	-5.99000e-04	,	0.00000000e+00	,	1
2	,	9	,	1.00096e+01	,	3.69600e+00	,	6.48600e+00	,	6.05000e-04	,	0.00000000e+00	,	1
4	,	9	,	1.00096e+01	,	3.69600e+00	,	6.48600e+00	,	-3.64000e-04	,	0.00000000e+00	,	1
6	,	9	,	9.73700e+00	,	0.00000e+00	,	0.00000e+00	,	-1.62300e-03	,	0.00000000e+00	,	1
9	,	9	,	9.73700e+00	,	0.00000e+00	,	0.00000e+00	,	-2.95100e-03	,	0.00000000e+00	,	1
2	,	10	,	1.00096e+01	,	3.69600e+00	,	6.48600e+00	,	-3.33000e-04	,	0.00000000e+00	,	1
4	,	10	,	1.00096e+01	,	3.69600e+00	,	6.48600e+00	,	2.33000e-04	,	0.00000000e+00	,	1
6	,	10	,	9.73700e+00	,	0.00000e+00	,	0.00000e+00	,	-1.46800e-03	,	0.00000000e+00	,	1
9	,	10	,	9.73700e+00	,	0.00000e+00	,	0.00000e+00	,	-1.88800e-03	,	0.00000000e+00	,	1
10	,	10	,	9.73700e+00	,	0.00000e+00	,	0.00000e+00	,	-1.58800e-03	,	0.00000000e+00	,	1
1	,	11	,	1.48781e+01	,	3.69600e+00	,	1.09743e+01	,	4.23800e-03	,	0.00000000e+00	,	1
2	,	11	,	1.48781e+01	,	3.69600e+00	,	1.09743e+01	,	-3.98100e-03	,	0.00000000e+00	,	1
3	,	11	,	1.48781e+01	,	3.69600e+00	,	1.09743e+01	,	1.89000e-04	,	0.00000000e+00	,	1
4	,	11	,	1.48781e+01	,	3.69600e+00	,	1.09743e+01	,	-3.70400e-03	,	0.00000000e+00	,	1
5	,	11	,	1.48781e+01	,	3.69600e+00	,	1.09743e+01	,	-2.08200e-03	,	0.00000000e+00	,	1
11	,	11	,	9.73700e+00	,	0.00000e+00	,	0.00000e+00	,	-5.16000e-04	,	0.00000000e+00	,	1
1	,	12	,	1.48781e+01	,	3.69600e+00	,	1.09743e+01	,	3.98100e-03	,	0.00000000e+00	,	1
2	,	12	,	1.48781e+01	,	3.69600e+00	,	1.09743e+01	,	1.33160e-02	,	0.00000000e+00	,	1
3	,	12	,	1.48781e+01	,	3.69600e+00	,	1.09743e+01	,	-3.15300e-03	,	0.00000000e+00	,	1
4	,	12	,	1.48781e+01	,	3.69600e+00	,	1.09743e+01	,	2.11480e-02	,	0.00000000e+00	,	1
5	,	12	,	1.48781e+01	,	3.69600e+00	,	1.09743e+01	,	7.32000e-03	,	0.00000000e+00	,	1
6	,	12	,	1.46055e+01	,	0.00000e+00	,	4.48831e+00	,	-1.30000e-04	,	0.00000000e+00	,	1
1	,	13	,	1.48781e+01	,	3.69600e+00	,	1.09743e+01	,	-1.89000e-04	,	0.00000000e+00	,	1
2	,	13	,	1.48781e+01	,	3.69600e+00	,	1.09743e+01	,	-3.15300e-03	,	0.00000000e+00	,	1
3	,	13	,	1.48781e+01	,	3.69600e+00	,	1.09743e+01	,	-3.95000e-04	,	0.00000000e+00	,	1
4	,	13	,	1.48781e+01	,	3.69600e+00	,	1.09743e+01	,	-3.93900e-03	,	0.00000000e+00	,	1
5	,	13	,	1.48781e+01	,	3.69600e+00	,	1.09743e+01	,	-3.07000e-04	,	0.00000000e+00	,	1
12	,	13	,	9.73700e+00	,	0.00000e+00	,	0.00000e+00	,	-1.65000e-04	,	0.00000000e+00	,	1
13	,	13	,	9.73700e+00	,	0.00000e+00	,	0.00000e+00	,	-1.88000e-03	,	0.00000000e+00	,	1
1	,	14	,	1.48781e+01	,	3.69600e+00	,	1.09743e+01	,	-3.70400e-03	,	0.00000000e+00	,	1
2	,	14	,	1.48781e+01	,	3.69600e+00	,	1.09743e+01	,	-2.11480e-02	,	0.00000000e+00	,	1
3	,	14	,	1.48781e+01	,	3.69600e+00	,	1.09743e+01	,	3.93900e-03	,	0.00000000e+00	,	1
4	,	14	,	1.48781e+01	,	3.69600e+00	,	1.09743e+01	,	-2.21960e-02	,	0.00000000e+00	,	1
5	,	14	,	1.48781e+01	,	3.69600e+00	,	1.09743e+01	,	-7.23700e-03	,	0.00000000e+00	,	1
6	,	14	,	1.46055e+01	,	0.00000e+00	,	4.48831e+00	,	1.05000e-04	,	0.00000000e+00	,	1
7	,	14	,	1.46055e+01	,	0.00000e+00	,	4.48831e+00	,	1.03000e-04	,	0.00000000e+00	,	1
11	,	14	,	9.73700e+00	,	0.00000e+00	,	0.00000e+00	,	-1.62300e-03	,	0.00000000e+00	,	1
14	,	14	,	9.73700e+00	,	0.00000e+00	,	0.00000e+00	,	-2.95100e-03	,	0.00000000e+00	,	1
1	,	15	,	1.48781e+01	,	3.69600e+00	,	1.09743e+01	,	-2.08200e-03	,	0.00000000e+00	,	1
2	,	15	,	1.48781e+01	,	3.69600e+00	,	1.09743e+01	,	-7.32000e-03	,	0.00000000e+00	,	1
3	,	15	,	1.48781e+01	,	3.69600e+00	,	1.09743e+01	,	3.07000e-04	,	0.00000000e+00	,	1
4	,	15	,	1.48781e+01	,	3.69600e+00	,	1.09743e+01	,	-7.23700e-03	,	0.00000000e+00	,	1
5	,	15	,	1.48781e+01	,	3.69600e+00	,	1.09743e+01	,	-1.81200e-03	,	0.00000000e+00	,	1
9	,	15	,	1.46055e+01	,	0.00000e+00	,	4.48831e+00	,	-1.59000e-04	,	0.00000000e+00	,	1
11	,	15	,	9.73700e+00	,	0.00000e+00	,	0.00000e+00	,	-1.46800e-03	,	0.00000000e+00	,	1
14	,	15	,	9.73700e+00	,	0.00000e+00	,	0.00000e+00	,	-1.88800e-03	,	0.00000000e+00	,	1
15	,	15	,	9.73700e+00	,	0.00000e+00	,	0.00000e+00	,	-1.58900e-03	,	0.00000000e+00	,	1
6	,	16	,	1.43329e+01	,	-3.69600e+00	,	-1.99769e+00	,	-1.74000e-04	,	0.00000000e+00	,	1
8	,	16	,	1.43329e+01	,	-3.69600e+00	,	-1.99769e+00	,	-1.12000e-04	,	0.00000000e+00	,	1
9	,	16	,	1.43329e+01	,	-3.69600e+00	,	-1.99769e+00	,	-3.05000e-04	,	0.00000000e+00	,	1
10	,	16	,	1.43329e+01	,	-3.69600e+00	,	-1.99769e+00	,	-1.45000e-04	,	0.00000000e+00	,	1
16	,	16	,	9.73700e+00	,	0.00000e+00	,	0.00000e+00	,	-5.15000e-04	,	0.00000000e+00	,	1
6	,	18	,	1.43329e+01	,	-3.69600e+00	,	-1.99769e+00	,	1.12000e-04	,	0.00000000e+00	,	1
9	,	18	,	1.43329e+01	,	-3.69600e+00	,	-1.99769e+00	,	1.92000e-04	,	0.00000000e+00	,	1
17	,	18	,	9.73700e+00	,	0.00000e+00	,	0.00000e+00	,	-4.36000e-04	,	0.00000000e+00	,	1
18	,	18	,	9.73700e+00	,	0.00000e+00	,	0.00000e+00	,	-1.88100e-03	,	0.00000000e+00	,	1
6	,	19	,	1.43329e+01	,	-3.69600e+00	,	-1.99769e+00	,	-3.05000e-04	,	0.00000000e+00	,	1
8	,	19	,	1.43329e+01	,	-3.69600e+00	,	-1.99769e+00	,	-1.92000e-04	,	0.00000000e+00	,	1
9	,	19	,	1.43329e+01	,	-3.69600e+00	,	-1.99769e+00	,	-5.32000e-04	,	0.00000000e+00	,	1
10	,	19	,	1.43329e+01	,	-3.69600e+00	,	-1.99769e+00	,	-2.32000e-04	,	0.00000000e+00	,	1
16	,	19	,	9.73700e+00	,	0.00000e+00	,	0.00000e+00	,	-1.24400e-03	,	0.00000000e+00	,	1
19	,	19	,	9.73700e+00	,	0.00000e+00	,	0.00000e+00	,	-2.95100e-03	,	0.00000000e+00	,	1
6	,	20	,	1.43329e+01	,	-3.69600e+00	,	-1.99769e+00	,	-1.45000e-04	,	0.00000000e+00	,	1
9	,	20	,	1.43329e+01	,	-3.69600e+00	,	-1.99769e+00	,	-2.32000e-04	,	0.00000000e+00	,	1
10	,	20	,	1.43329e+01	,	-3.69600e+00	,	-1.99769e+00	,	-1.55000e-04	,	0.00000000e+00	,	1
16	,	20	,	9.73700e+00	,	0.00000e+00	,	0.00000e+00	,	3.87000e-04	,	0.00000000e+00	,	1
19	,	20	,	9.73700e+00	,	0.00000e+00	,	0.00000e+00	,	-1.63000e-04	,	0.00000000e+00	,	1
20	,	20	,	9.73700e+00	,	0.00000e+00	,	0.00000e+00	,	-1.58800e-03	,	0.00000000e+00	,	1
1	,	11	,	1.48781e+01	,	3.69600e+00	,	2.39463e+01	,	-6.98000e-04	,	0.00000000e+00	,	1
2	,	11	,	1.48781e+01	,	3.69600e+00	,	2.39463e+01	,	-3.57000e-04	,	0.00000000e+00	,	1
4	,	11	,	1.48781e+01	,	3.69600e+00	,	2.39463e+01	,	-2.47000e-04	,	0.00000000e+00	,	1
6	,	11	,	1.46055e+01	,	0.00000e+00	,	1.74603e+01	,	2.78100e-03	,	0.00000000e+00	,	1
7	,	11	,	1.46055e+01	,	0.00000e+00	,	1.74603e+01	,	-9.22000e-04	,	0.00000000e+00	,	1
8	,	11	,	1.46055e+01	,	0.00000e+00	,	1.74603e+01	,	4.67600e-03	,	0.00000000e+00	,	1
9	,	11	,	1.46055e+01	,	0.00000e+00	,	1.74603e+01	,	1.50100e-03	,	0.00000000e+00	,	1
10	,	11	,	1.46055e+01	,	0.00000e+00	,	1.74603e+01	,	-2.57900e-03	,	0.00000000e+00	,	1
1	,	12	,	1.48781e+01	,	3.69600e+00	,	2.39463e+01	,	3.57000e-04	,	0.00000000e+00	,	1
5	,	12	,	1.48781e+01	,	3.69600e+00	,	2.39463e+01	,	-1.12000e-04	,	0.00000000e+00	,	1
6	,	12	,	1.46055e+01	,	0.00000e+00	,	1.74603e+01	,	-1.71300e-03	,	0.00000000e+00	,	1
7	,	12	,	1.46055e+01	,	0.00000e+00	,	1.74603e+01	,	5.23000e-04	,	0.00000000e+00	,	1
8	,	12	,	1.46055e+01	,	0.00000e+00	,	1.74603e+01	,	-2.31400e-03	,	0.00000000e+00	,	1
9	,	12	,	1.46055e+01	,	0.00000e+00	,	1.74603e+01	,	-1.34600e-03	,	0.00000000e+00	,	1
10	,	12	,	1.46055e+01	,	0.00000e+00	,	1.74603e+01	,	2.27400e-03	,	0.00000000e+00	,	1
6	,	13	,	1.46055e+01	,	0.00000e+00	,	1.74603e+01	,	-2.18100e-03	,	0.00000000e+00	,	1
7	,	13	,	1.46055e+01	,	0.00000e+00	,	1.74603e+01	,	2.65000e-04	,	0.00000000e+00	,	1
8	,	13	,	1.46055e+01	,	0.00000e+00	,	1.74603e+01	,	-1.96600e-03	,	0.00000000e+00	,	1
9	,	13	,	1.46055e+01	,	0.00000e+00	,	1.74603e+01	,	-1.30500e-03	,	0.00000000e+00	,	1
10	,	13	,	1.46055e+01	,	0.00000e+00	,	1.74603e+01	,	2.04700e-03	,	0.00000000e+00	,	1
1	,	14	,	1.48781e+01	,	3.69600e+00	,	2.39463e+01	,	-2.47000e-04	,	0.00000000e+00	,	1
6	,	14	,	1.46055e+01	,	0.00000e+00	,	1.74603e+01	,	-5.29000e-04	,	0.00000000e+00	,	1
7	,	14	,	1.46055e+01	,	0.00000e+00	,	1.74603e+01	,	-2.43000e-04	,	0.00000000e+00	,	1
2	,	15	,	1.48781e+01	,	3.69600e+00	,	2.39463e+01	,	1.12000e-04	,	0.00000000e+00	,	1
6	,	15	,	1.46055e+01	,	0.00000e+00	,	1.74603e+01	,	9.15000e-04	,	0.00000000e+00	,	1
8	,	15	,	1.46055e+01	,	0.00000e+00	,	1.74603e+01	,	5.36000e-04	,	0.00000000e+00	,	1
9	,	15	,	1.46055e+01	,	0.00000e+00	,	1.74603e+01	,	5.42000e-04	,	0.00000000e+00	,	1
10	,	15	,	1.46055e+01	,	0.00000e+00	,	1.74603e+01	,	-1.00100e-03	,	0.00000000e+00	,	1
2	,	6	,	1.00096e+01	,	1.10880e+01	,	-6.48600e+00	,	-1.10000e-04	,	0.00000000e+00	,	1
4	,	6	,	1.00096e+01	,	1.10880e+01	,	-6.48600e+00	,	-5.99000e-04	,	0.00000000e+00	,	1
1	,	7	,	1.00096e+01	,	1.10880e+01	,	-6.48600e+00	,	3.40000e-04	,	0.00000000e+00	,	1
4	,	7	,	1.00096e+01	,	1.10880e+01	,	-6.48600e+00	,	-6.05000e-04	,	0.00000000e+00	,	1
5	,	7	,	1.00096e+01	,	1.10880e+01	,	-6.48600e+00	,	3.32000e-04	,	0.00000000e+00	,	1
2	,	8	,	1.00096e+01	,	1.10880e+01	,	-6.48600e+00	,	1.60000e-04	,	0.00000000e+00	,	1
1	,	9	,	1.00096e+01	,	1.10880e+01	,	-6.48600e+00	,	2.82000e-04	,	0.00000000e+00	,	1
4	,	9	,	1.00096e+01	,	1.10880e+01	,	-6.48600e+00	,	-3.64000e-04	,	0.00000000e+00	,	1
5	,	9	,	1.00096e+01	,	1.10880e+01	,	-6.48600e+00	,	2.33000e-04	,	0.00000000e+00	,	1
1	,	3	,	9.73700e+00	,	7.39200e+00	,	0.00000e+00	,	4.89000e-04	,	0.00000000e+00	,	1
2	,	3	,	9.73700e+00	,	7.39200e+00	,	0.00000e+00	,	8.09000e-04	,	0.00000000e+00	,	1
1	,	4	,	9.73700e+00	,	7.39200e+00	,	0.00000e+00	,	3.10000e-04	,	0.00000000e+00	,	1
2	,	4	,	9.73700e+00	,	7.39200e+00	,	0.00000e+00	,	9.77000e-04	,	0.00000000e+00	,	1
3	,	4	,	9.73700e+00	,	7.39200e+00	,	0.00000e+00	,	4.84000e-04	,	0.00000000e+00	,	1
4	,	4	,	9.73700e+00	,	7.39200e+00	,	0.00000e+00	,	3.53000e-04	,	0.00000000e+00	,	1
1	,	5	,	9.73700e+00	,	7.39200e+00	,	0.00000e+00	,	-4.01000e-04	,	0.00000000e+00	,	1
2	,	5	,	9.73700e+00	,	7.39200e+00	,	0.00000e+00	,	-1.12000e-04	,	0.00000000e+00	,	1
3	,	5	,	9.73700e+00	,	7.39200e+00	,	0.00000e+00	,	-1.34000e-04	,	0.00000000e+00	,	1
2	,	6	,	1.00096e+01	,	1.10880e+01	,	6.48600e+00	,	3.39000e-04	,	0.00000000e+00	,	1
4	,	6	,	1.00096e+01	,	1.10880e+01	,	6.48600e+00	,	2.81000e-04	,	0.00000000e+00	,	1
1	,	7	,	1.00096e+01	,	1.10880e+01	,	6.48600e+00	,	-1.09000e-04	,	0.00000000e+00	,	1
3	,	7	,	1.00096e+01	,	1.10880e+01	,	6.48600e+00	,	1.60000e-04	,	0.00000000e+00	,	1
6	,	7	,	9.73700e+00	,	7.39200e+00	,	0.00000e+00	,	5.28000e-04	,	0.00000000e+00	,	1
6	,	8	,	9.73700e+00	,	7.39200e+00	,	0.00000e+00	,	2.47000e-04	,	0.00000000e+00	,	1
1	,	9	,	1.00096e+01	,	1.10880e+01	,	6.48600e+00	,	-6.00000e-04	,	0.00000000e+00	,	1
2	,	9	,	1.00096e+01	,	1.10880e+01	,	6.48600e+00	,	-6.05000e-04	,	0.00000000e+00	,	1
4	,	9	,	1.00096e+01	,	1.10880e+01	,	6.48600e+00	,	-3.64000e-04	,	0.00000000e+00	,	1
6	,	9	,	9.73700e+00	,	7.39200e+00	,	0.00000e+00	,	1.88000e-04	,	0.00000000e+00	,	1
8	,	9	,	9.73700e+00	,	7.39200e+00	,	0.00000e+00	,	6.49000e-04	,	0.00000000e+00	,	1
9	,	9	,	9.73700e+00	,	7.39200e+00	,	0.00000e+00	,	3.54000e-04	,	0.00000000e+00	,	1
2	,	10	,	1.00096e+01	,	1.10880e+01	,	6.48600e+00	,	3.33000e-04	,	0.00000000e+00	,	1
4	,	10	,	1.00096e+01	,	1.10880e+01	,	6.48600e+00	,	2.33000e-04	,	0.00000000e+00	,	1
6	,	10	,	9.73700e+00	,	7.39200e+00	,	0.00000e+00	,	1.74000e-04	,	0.00000000e+00	,	1
9	,	10	,	9.73700e+00	,	7.39200e+00	,	0.00000e+00	,	3.64000e-04	,	0.00000000e+00	,	1
2	,	12	,	1.48781e+01	,	1.10880e+01	,	1.09743e+01	,	1.12000e-04	,	0.00000000e+00	,	1
4	,	12	,	1.48781e+01	,	1.10880e+01	,	1.09743e+01	,	2.20000e-04	,	0.00000000e+00	,	1
11	,	12	,	9.73700e+00	,	7.39200e+00	,	0.00000e+00	,	-5.28000e-04	,	0.00000000e+00	,	1
4	,	13	,	1.48781e+01	,	1.10880e+01	,	1.09743e+01	,	1.02000e-04	,	0.00000000e+00	,	1
11	,	13	,	9.73700e+00	,	7.39200e+00	,	0.00000e+00	,	-2.46000e-04	,	0.00000000e+00	,	1
2	,	14	,	1.48781e+01	,	1.10880e+01	,	1.09743e+01	,	-2.20000e-04	,	0.00000000e+00	,	1
3	,	14	,	1.48781e+01	,	1.10880e+01	,	1.09743e+01	,	-1.02000e-04	,	0.00000000e+00	,	1
11	,	14	,	9.73700e+00	,	7.39200e+00	,	0.00000e+00	,	1.88000e-04	,	0.00000000e+00	,	1
13	,	14	,	9.73700e+00	,	7.39200e+00	,	0.00000e+00	,	-6.49000e-04	,	0.00000000e+00	,	1
14	,	14	,	9.73700e+00	,	7.39200e+00	,	0.00000e+00	,	3.53000e-04	,	0.00000000e+00	,	1
5	,	15	,	1.48781e+01	,	1.10880e+01	,	1.09743e+01	,	-1.09000e-04	,	0.00000000e+00	,	1
11	,	15	,	9.73700e+00	,	7.39200e+00	,	0.00000e+00	,	1.73000e-04	,	0.00000000e+00	,	1
14	,	15	,	9.73700e+00	,	7.39200e+00	,	0.00000e+00	,	3.63000e-04	,	0.00000000e+00	,	1
1	,	16	,	1.46055e+01	,	7.39200e+00	,	4.48831e+00	,	1.65000e-04	,	0.00000000e+00	,	1
16	,	18	,	9.73700e+00	,	7.39200e+00	,	0.00000e+00	,	-4.89000e-04	,	0.00000000e+00	,	1
17	,	18	,	9.73700e+00	,	7.39200e+00	,	0.00000e+00	,	8.10000e-04	,	0.00000000e+00	,	1
1	,	19	,	1.46055e+01	,	7.39200e+00	,	4.48831e+00	,	2.64000e-04	,	0.00000000e+00	,	1
2	,	19	,	1.46055e+01	,	7.39200e+00	,	4.48831e+00	,	1.40000e-04	,	0.00000000e+00	,	1
3	,	19	,	1.46055e+01	,	7.39200e+00	,	4.48831e+00	,	1.44000e-04	,	0.00000000e+00	,	1
16	,	19	,	9.73700e+00	,	7.39200e+00	,	0.00000e+00	,	3.09000e-04	,	0.00000000e+00	,	1
17	,	19	,	9.73700e+00	,	7.39200e+00	,	0.00000e+00	,	-9.77000e-04	,	0.00000000e+00	,	1
18	,	19	,	9.73700e+00	,	7.39200e+00	,	0.00000e+00	,	-4.84000e-04	,	0.00000000e+00	,	1
19	,	19	,	9.73700e+00	,	7.39200e+00	,	0.00000e+00	,	3.54000e-04	,	0.00000000e+00	,	1
16	,	20	,	9.73700e+00	,	7.39200e+00	,	0.00000e+00	,	-4.02000e-04	,	0.00000000e+00	,	1
17	,	20	,	9.73700e+00	,	7.39200e+00	,	0.00000e+00	,	1.12000e-04	,	0.00000000e+00	,	1
18	,	20	,	9.73700e+00	,	7.39200e+00	,	0.00000e+00	,	1.33000e-04	,	0.00000000e+00	,	1
8	,	11	,	1.46055e+01	,	7.39200e+00	,	1.74603e+01	,	1.32000e-04	,	0.00000000e+00	,	1
6	,	11	,	2.43425e+01	,	-1.47840e+01	,	1.74603e+01	,	1.65000e-04	,	0.00000000e+00	,	1
9	,	11	,	2.43425e+01	,	-1.47840e+01	,	1.74603e+01	,	2.64000e-04	,	0.00000000e+00	,	1
9	,	12	,	2.43425e+01	,	-1.47840e+01	,	1.74603e+01	,	1.41000e-04	,	0.00000000e+00	,	1
9	,	13	,	2.43425e+01	,	-1.47840e+01	,	1.74603e+01	,	1.44000e-04	,	0.00000000e+00	,	1
9	,	11	,	2.43425e+01	,	-7.39200e+00	,	4.48831e+00	,	-1.01000e-04	,	0.00000000e+00	,	1
4	,	14	,	2.46151e+01	,	-3.69600e+00	,	1.09743e+01	,	1.27000e-04	,	0.00000000e+00	,	1
6	,	14	,	2.43425e+01	,	-7.39200e+00	,	4.48831e+00	,	1.05000e-04	,	0.00000000e+00	,	1
9	,	14	,	2.43425e+01	,	-7.39200e+00	,	4.48831e+00	,	1.75000e-04	,	0.00000000e+00	,	1
4	,	14	,	2.46151e+01	,	3.69600e+00	,	1.09743e+01	,	1.27000e-04	,	0.00000000e+00	,	1
6	,	11	,	2.43425e+01	,	0.00000e+00	,	1.74603e+01	,	1.65000e-04	,	0.00000000e+00	,	1
9	,	11	,	2.43425e+01	,	0.00000e+00	,	1.74603e+01	,	2.64000e-04	,	0.00000000e+00	,	1
9	,	12	,	2.43425e+01	,	0.00000e+00	,	1.74603e+01	,	-1.40000e-04	,	0.00000000e+00	,	1
9	,	13	,	2.43425e+01	,	0.00000e+00	,	1.74603e+01	,	-1.44000e-04	,	0.00000000e+00	,	1
